onset,amplitude
0.936433107,2.33311
1.18599864,3.84588
1.308846176,8.86985
1.451090691,7.20284
2.928433107,5.07436
3.061039976,6.37045
3.183887512,8.0009
3.371391646,6.19015
3.507170501,6.1952
3.904433107,7.24208
5.175310725,2.44061
5.660235208,-2.40795
5.952433107,5.36223
7.564043281,4.92827
8.158883981,8.61601
8.566220547,6.19015
9.400290658,0.378436
10.554094,6.1952
11.00669018,7.24208
11.21359129,6.68258
11.36876713,6.94922
11.65972182,3.46355
11.87308859,6.55064
12.3062878,6.94006
12.74595266,7.01127
13.44424392,6.94922
13.84511482,3.46355
14.11667253,2.91506
14.27184837,3.15657
14.64043311,4.41619
16.00843311,-0.941609
17.05986204,5.90702
17.67409972,5.33975
20.00376856,8.61601
21.41328239,6.1952
21.92406951,7.24208
22.02752007,6.41305
22.18269591,6.94922
22.61643311,3.46355
24.54332627,7.20284
24.96359416,10.249
25.48843311,5.36223
26.28258875,6.94922
26.59940608,3.46355
26.78620115,6.41305
26.92843311,4.71841
28.28623422,7.12415
30.25826045,10.249
31.38948414,-0.867501
31.38948414,6.69162
31.83561466,6.1952
32.20415727,7.24208
32.54443311,-1.42712
33.91109145,10.249
34.64171101,-0.867501
34.64171101,6.69162
36.52043311,-0.867501
36.52043311,6.69162
37.08069988,9.01752
37.26173835,10.249
37.5591587,6.14949
38.29624392,1.72277
39.69239209,8.67673
40.31309543,9.06163
41.024318,2.60046
42.06528923,9.06163
42.68843311,-1.42712
43.70443311,4.60347
44.65588255,1.27536
45.63219718,3.00469
47.43243311,5.20181
47.61682754,5.42336
47.79140035,9.06163
48.28925616,6.35176
49.25910513,6.94922
49.59531943,3.46355
49.83243311,8.81957
50.97897063,6.99803
51.10181816,10.249
51.36044455,6.14949
51.68521514,5.35352
52.11243311,0.940007
53.04300369,4.28524
53.32749272,2.37584
53.52146252,8.02513
53.84843311,8.02513
54.26309256,6.19015
54.83853628,-0.867501
54.83853628,6.69162
55.36043311,3.76908
56.28037842,8.26486
56.55193613,5.54436
56.7653029,8.07915
56.96573835,6.77378
57.08858589,8.11678
57.91619034,5.51169
58.21361069,1.59331
58.73643311,2.33311
60.05643311,3.76908
60.49960783,8.02415
60.7453029,5.36892
61.88043311,5.07436
62.38111482,9.06163
62.78845139,2.60046
65.1136312,8.46692
65.41105155,5.00368
65.94770131,8.67673
67.24729893,-0.867501
67.24729893,6.69162
67.46443311,8.81957
69.68951037,6.94922
70.18443311,3.46355
71.17643311,-0.462035
72.55243311,7.12757
73.3651285,1.27536
75.80701848,8.46692
76.05271355,5.00368
76.52043311,8.67673
77.65619718,-0.867501
77.65619718,6.69162
77.93422055,8.81957
79.17643311,7.12757
79.79238525,9.06163
80.29643311,4.60347
81.18443311,1.5433
81.95191562,3.00469
84.39029463,8.27611
84.8299595,3.28054
85.2631587,8.67673
86.73732913,-0.867501
86.73732913,6.69162
86.95243311,8.81957
87.97841546,7.22614
88.74782897,8.26486
88.88360783,10.249
89.53017381,-0.867501
89.53017381,6.69162
90.99141292,3.33399
91.63151323,6.33557
93.15098032,-0.867501
93.15098032,6.69162
93.36843311,8.81957
94.75243311,7.35978
95.59499972,9.9303
95.75963517,10.249
96.51243311,-1.89712
96.51243311,6.69162
97.78443311,3.11129
98.87608319,-1.89712
98.87608319,6.69162
98.9859994,8.57446
99.43212993,8.07915
100.8884331,-0.867501
100.8884331,6.69162
101.3275075,10.249
101.5732026,9.9303
101.7348441,8.4889
102.1745089,2.57185
102.8004331,4.60347
103.7068703,1.5433
104.2564331,1.27536
105.2382479,2.60046
106.0852493,3.00469
107.7044331,-0.867501
107.7044331,6.69162
107.8827027,8.69606
108.4646121,5.85243
109.1372094,9.9303
109.3053166,8.51075
109.6285996,4.65072
109.8484331,5.90702
110.8312123,9.9303
111.0057851,8.51075
111.3355337,6.40835
112.2004331,5.16673
113.118469,7.61787
113.6964331,7.76677
114.7025557,5.16673
114.8706628,7.54233
115.4404331,0.737164
116.1185352,-1.89712
116.1185352,6.69162
117.554469,2.92477
118.1284331,-1.89712
118.1284331,6.69162
119.4724331,3.57291
119.9467632,4.89448
120.4187563,5.9402
122.1124331,6.62539
122.9636546,4.92151
123.1123647,9.06163
123.8041903,-1.89712
123.8041903,6.69162
124.3364331,3.57291
124.741711,10.249
124.8724331,9.06163
125.3573234,6.35176
126.4047603,7.12757
127.2884331,-0.867501
127.2884331,6.69162
127.6964331,9.01752
127.8401368,8.2837
128.7065352,-1.89712
128.7065352,6.69162
129.5291023,-0.0202027
129.7747973,8.20182
130.8998221,5.23841
132.3998552,10.249
132.7877948,7.32789
134.8244331,8.81957
135.3481504,0.582216
136.1110983,-1.89712
136.1110983,6.69162
136.6606794,8.97805
136.8223209,8.15886
137.1843978,1.47705
137.4818182,5.36223
137.9462616,4.89709
138.6898124,3.20234
138.6898124,4.89732
139.2199965,3.29621
140.2644331,5.14557
141.263145,7.57153
141.4377178,6.83274
141.8404331,4.20529
142.6644331,-1.89712
142.6644331,6.69162
143.2687603,8.27611
143.6114403,10.249
144.3291285,5.51169
146.0813223,6.96607
146.333654,10.249
146.6884331,7.32789
147.4910071,6.94922
147.7819618,3.46355
148.0858478,8.81957
149.8768356,6.03416
149.8768356,4.32068
150.2446064,5.24138
150.6842713,8.66738
152.4364651,1.85786
154.1897589,7.12757
155.4324331,-0.867501
155.4324331,6.69162
155.896693,9.01752
156.0583345,8.97805
156.6208469,5.32865
156.9958552,6.04834
157.2350846,4.1892
157.6747495,6.54577
158.473149,6.00408
158.473149,5.92367
159.2425625,4.53646
159.5270515,4.1892
160.5874198,6.05535
161.0244331,8.66738
162.0453302,6.2997
162.4203385,-1.89712
162.6724331,7.0812
163.189752,9.01752
163.4225158,8.69606
163.7204331,7.1886
164.1604331,10.249
164.44409,9.9303
164.6509911,9.20805
165.3204331,-1.89712
165.3204331,5.30629
166.122811,6.94922
166.4137657,3.46355
166.6564331,8.81957
167.7909512,10.249
168.4957081,7.1886
169.7764331,4.44077
171.0964331,-1.89712
171.0964331,6.69162
171.6924856,-0.0202027
172.3067232,6.33557
173.0244115,9.01752
173.1731217,8.2837
173.9764331,6.37919
174.7262547,5.2643
175.3146298,5.23841
176.0969746,8.4889
176.5043112,8.02513
176.5043112,8.02513
178.0043442,9.9303
178.8884331,7.57153
179.2968207,3.98917
180.3701202,7.35978
180.812994,5.04677
181.4564331,-1.89712
181.4564331,6.69162
182.1190573,3.74479
182.5069969,5.02756
182.7656232,8.61601
183.8164331,2.56725
185.1528692,6.37919
185.6054654,4.53646
186.1097868,0.223144
186.7015981,9.01752
187.0960034,5.04677
187.4580803,6.83104
188.1434403,7.20284
188.7059527,3.73481
190.3204331,-0.867501
190.3204331,6.69162
190.6589649,1.99198
191.0081105,-0.867501
191.3055309,7.01127
192.2964331,4.1444
193.1029843,10.249
193.4521299,6.1952
193.6137714,5.27735
193.7948099,8.61601
194.1180929,7.06145
194.9564388,10.249
195.6870584,-1.89712
195.6870584,6.69162
196.6310447,8.61601
196.7668236,8.15886
197.3487329,4.34381
197.5039088,7.34558
198.4557959,3.76908
199.4884331,4.06268
200.1368674,7.34167
200.4213565,5.00207
200.828693,-1.42712
201.5981066,-0.867501
201.5981066,6.69162
202.1844331,1.58104
202.3416574,6.40203
202.9251558,1.98376
203.1449883,8.61601
204.4639829,4.68241
204.6062274,10.249
204.7290749,7.35441
205.1364331,1.98376
205.4338318,4.87007
205.5760763,7.34558
206.0351382,-1.89712
206.0351382,6.69162
206.5124331,1.24127
207.3092562,2.23645
207.8394403,-1.89712
207.8394403,6.69162
208.1368606,3.74479
208.4989376,5.02756
208.8416175,5.55791
209.2036945,7.42941
209.3588703,7.35441
209.7920695,1.59939
209.7920695,4.5933
209.914917,4.87007
210.2189182,5.9402
212.4484331,6.43868
213.8461533,-0.867501
213.8461533,6.69162
214.2340929,2.92477
214.4164331,4.71841
216.7093822,6.94922
217.031259,3.46355
217.3998016,1.15057
218.4089484,8.07915
218.5511929,7.35763
218.7395994,7.20284
219.1124331,6.35176
220.0262657,8.69606
220.3284331,6.94922
221.24198,9.06163
221.5717287,4.53646
221.9204331,2.06686
222.6644252,4.53646
222.819601,10.249
223.0071051,5.83796
224.1124331,4.53646
224.546208,10.249
224.9535446,1.42792
225.9844331,7.35978
226.2596078,8.27611
226.4147837,8.69606
226.5376312,5.72251
226.7444331,8.81957
227.4298922,8.69606
227.6949843,5.72251
228.3544816,8.81957
229.5050418,-0.867501
229.5050418,6.69162
229.9059128,1.15057
230.9210213,8.26486
231.0632659,9.06163
231.554656,1.16938
233.1678426,10.249
233.445866,9.9303
233.8273399,1.69745
234.3639897,-0.415515
235.6377247,-0.867501
235.6377247,6.69162
235.8834198,8.81957
236.8982616,10.249
237.4084331,7.32789
238.2431188,5.58612
238.715112,10.249
239.2582274,3.76908
239.4198689,8.13427
239.6590983,7.2335
239.9629843,4.32849
240.5684331,7.03574
242.4324331,-0.415515
242.9503015,10.249
243.8490282,2.35897
245.7844331,6.94006
246.5364331,2.35897
248.3639293,-0.867501
248.8964331,1.17865
249.2561903,10.249
250.0837948,5.36223
250.2712989,6.94622
250.6564331,7.2335
251.2204388,3.05636
251.6019128,5.36223
252.927373,-0.867501
252.927373,6.69162
253.3605722,1.15057
254.4981476,3.97931
254.7604331,5.36223
255.1059196,10.249
255.7330886,2.74663
255.9011957,8.97805
256.6124183,2.04381
257.8498261,8.69606
257.8498261,5.0672
258.0373302,8.97805
258.4769951,6.51286
259.1300267,4.53646
259.4884331,4.1892
259.9188372,1.06126
260.5977315,4.5744
261.4382673,8.69606
261.4382673,5.0672
261.5934431,8.97805
262.0484331,5.38569
263.0584086,2.60046
263.6532493,0.0676586
264.4808538,2.73502
265.7675201,8.86985
266.1037344,6.00408
267.3087603,2.55101
268.226884,7.03574
269.6234665,7.35978
270.5044331,1.42792
271.0004331,2.06686
271.4577988,8.27611
271.7681504,7.1886
271.8974636,8.97805
272.1172961,7.42941
272.479373,1.66959
273.5332756,6.94922
273.9764331,3.46355
274.5063619,3.30175
275.2822411,-0.867501
275.2822411,6.69162
277.0409005,6.94006
277.487031,2.35897
278.9077822,2.06686
279.0564924,10.249
279.6901271,1.42792
280.3108304,8.27611
280.6147164,9.20805
281.4811148,1.53687
281.9207797,8.27611
282.2634597,9.20805
283.1263038,8.2837
283.9991678,8.66738
284.8164331,8.57446
284.9884138,10.249
285.4539413,6.80461
285.7707586,7.97688
286.6953536,-0.867501
286.6953536,6.69162
286.9798426,8.81957
287.6975309,8.2837
288.4022878,8.61601
288.9777315,8.81957
289.6760228,5.85243
290.0445654,10.249
290.4777646,4.1892
291.9929279,4.1892
292.3226765,10.249
292.9369142,2.96114
293.415373,1.06126
293.9908167,4.5744
295.8404331,7.35978
297.0004331,2.35897
297.3397549,10.249
298.1364331,6.35176
298.8181476,6.94922
299.2772094,3.46355
299.7685996,0.662688
299.8591188,6.2857
300.2017988,-0.248461
301.4884651,3.74479
302.0380461,6.9023
302.4404331,10.249
302.8785819,9.9303
303.2404331,1.83896
304.6781731,6.35176
304.9689406,9.01752
305.3150923,10.249
306.0644331,9.06163
306.3258552,8.69606
306.6928213,7.37469
306.8866662,9.01752
307.0182039,8.97805
307.8484331,4.57749
308.8666539,5.13721
310.528182,5.58612
311.1927933,10.249
311.4000488,8.69606
311.5938938,7.37469
311.7254314,9.01752
311.8362,8.97805
312.2861972,4.57749
314.7854124,6.66488
316.0155887,6.94922
316.5140471,3.46355
317.310196,1.30833
317.4348106,6.2857
317.6701938,8.81957
319.1032618,5.58612
319.5324899,10.249
320.1347938,2.35897
321.1124331,6.3603
321.9452713,5.32865
322.3952685,4.62154
322.6484331,3.76561
322.9768034,8.61601
323.2952629,2.4301
324.6765123,7.22614
325.3480466,8.26486
325.9434275,3.64858
326.1026573,5.62181
326.4903472,6.69162
326.6724331,7.54233
328.0480298,10.249
329.2727663,3.83168
329.8127629,3.70081
330.6712191,7.61787
331.2527539,6.96607
331.6265978,4.92892
331.9589034,2.73307
332.291209,7.01127
333.2004331,5.2564
333.8683522,8.51075
334.1937348,4.73479
334.4221949,8.4889
334.6160399,8.02513
336.0006466,6.94922
336.3052601,3.46355
336.69295,-0.248461
338.3280455,4.22464
339.463423,2.33311
340.8134146,-0.867501
340.8134146,6.69162
341.2426427,4.79843
341.6580247,8.81957
343.3321977,0.41871
344.1906539,8.69606
345.0075719,5.39834
346.4649758,4.06268
346.6242056,6.94922
347.1444331,3.46355
347.5588151,9.01752
347.7734292,7.57317
349.1164977,4.34808
349.4324331,7.57317
350.0372612,4.34808
350.3626438,8.75228
350.3626438,8.0009
350.8887944,5.58612
352.7844331,2.33311
353.7524331,4.06268
354.3657475,9.01752
354.4972851,10.249
355.0026666,4.22464
356.4404331,4.22464
356.8260393,7.22614
356.9160387,9.9303
357.0337303,10.249
357.6914185,3.96291
358.203723,2.33311
359.3364331,5.07436
359.7366646,9.06163
361.052041,3.98155
361.9524331,6.66488
362.5958775,8.07915
362.8797219,1.7174
363.2327966,4.12374
363.5651023,3.98155
365.4217348,-0.867501
365.4217348,6.69162
367.0624938,-1.20397
368.8549707,2.38417
370.5649601,6.83274
370.9803421,0.223144
371.2164331,8.66738
372.0187972,8.27611
372.1641809,9.01752
372.2749494,10.249
372.4964331,8.81957
373.3924331,3.69337
373.7814281,9.06163
374.8564331,4.41872
376.1767978,4.98709
376.9298949,8.2837
377.2137393,4.22464
377.7052747,2.42214
377.8921966,9.06163
378.4484331,2.3618
379.2629573,8.75228
379.3944949,8.86985
379.6506472,7.50933
381.1889724,3.35411
381.4243556,3.83363
381.8812758,6.11525
383.0097303,-1.7148
383.2004331,8.13427
384.1312618,7.74723
384.4404331,0.336472
385.1766399,7.1872
385.4872808,3.10727
385.8324331,4.59512
388.7064916,8.66738
389.198027,5.35352
389.5844331,0.940007
390.7335848,3.88465
390.7335848,5.27735
391.0589674,6.54577
391.2112741,8.02513
391.5364331,5.9964
392.3535747,8.15886
392.5474196,8.66738
393.0004331,6.14949
393.634336,-0.328504
393.9943337,1.63511
394.4443309,3.95891
395.3535309,4.59512
395.6442983,4.0207
396.1684331,5.25191
396.6342921,9.01752
396.800445,7.31141
397.2084331,0.615186
397.7142854,1.86718
398.0742832,4.46499
398.3165894,6.75732
398.9631252,7.12757
399.738505,0.0953102
400.6661915,4.68241
400.9984972,5.38569
401.5038786,10.249
402.0164331,0.951658
402.6644331,2.08939
403.2380494,-0.673345
403.2380494,8.66738
404.2695814,7.74723
404.2695814,8.0009
404.5604331,3.89141
405.418805,2.19389
405.827264,9.01752
405.9380326,8.4889
406.2772612,4.78089
407.3877454,4.06268
407.5123601,9.01752
407.7754353,4.35761
407.7754353,8.33313
408.2084331,4.08497
409.13235,0.765468
409.6484331,-0.673345
409.6484331,8.66738
409.9284989,-1.42712
410.2964331,4.04252
411.0884331,2.19389
411.7325145,8.27611
412.0855893,4.76422
412.0855893,8.33313
412.3278955,-0.462035
412.653278,4.89888
412.8332769,8.4889
414.0804331,4.06268
414.5917275,9.01752
414.7994185,6.96607
415.0901859,4.35761
415.0901859,8.33313
415.5684331,3.22645
416.0801798,3.37451
416.5817426,-0.673345
416.5817426,8.66738
417.8884331,6.78772
418.2155786,9.01752
418.3332702,10.249
418.6724989,3.41181
419.2263416,3.29843
420.3124331,4.15982
420.6178714,10.249
421.0823572,1.35584
421.8646601,7.42941
422.0308129,9.01752
422.1623505,10.249
422.5846556,1.45629
423.8861859,5.54436
424.0108006,8.27611
424.1284921,9.9303
424.2531067,8.97805
424.6200275,6.2997
424.6200275,6.98295
425.1531011,2.96114
425.6884331,0.565314
426.285737,8.02415
426.8188106,3.51274
428.1444331,1.61741
428.521877,3.8828
428.6880298,9.06163
429.3604331,0.336472
430.2564331,1.06126
430.6618893,8.27611
430.9526567,5.32865
431.9841887,0.336472
432.2818792,1.61741
432.8911062,-0.673345
432.8911062,8.66738
433.4311028,1.06126
433.9834331,1.7174
434.5580449,8.11678
434.6618904,8.0009
435.8318831,0.693147
436.2804331,6.16228
437.4484331,6.81739
437.8302151,7.68114
438.1625207,6.80236
440.1355853,5.47303
440.2948151,8.75228
440.3917376,8.86985
440.5717365,8.81957
440.6617359,8.05058
440.9525033,-0.150823
441.4964331,7.34944
442.4132635,5.59039
442.5932624,9.01752
442.8494146,7.1886
442.9740292,8.97805
443.0640286,9.9303
443.1886433,7.20284
443.5624871,4.62625
444.5980505,8.15886
445.0688168,5.30955
445.5049679,-0.673345
445.5049679,8.66738
445.9618882,7.34944
446.8884331,9.01752
447.1249578,9.9303
447.360341,7.12757
447.8726455,2.29556
448.5441798,8.69606
448.8644331,7.1886
449.2052803,8.15886
449.357587,9.9303
449.7037387,5.71003
450.4029651,3.76908
450.7629629,5.47303
451.2337292,4.20618
451.7460337,4.77584
452.2168,2.3618
453.3602033,4.22464
453.5604331,8.13427
454.0871219,5.47303
454.3640432,3.21567
454.8832708,4.5744
455.2501915,6.68977
455.547882,6.94922
456.5447989,6.37045
456.9601809,4.22464
457.0917185,8.13427
457.8869969,2.72916
458.12238,5.43512
458.3508402,5.70548
458.5031469,8.0009
459.2092963,4.8739
459.3546801,7.31141
459.5208329,6.70471
459.8392924,2.96114
460.1044331,6.75732
460.4623655,5.16809
460.5454419,8.05058
460.7185177,4.22464
461.8580483,7.12757
462.003432,9.01752
462.2804331,7.76677
462.6888123,0.678034
462.7649657,6.2857
462.9518876,5.70548
463.0557331,5.70548
464.2395719,1.92132
464.5511084,-1.56065
464.9872595,2.97757
465.2157197,8.13427
465.7349741,8.27611
465.8595887,9.01752
465.9634342,10.249
466.1924331,8.81957
466.7111219,7.76677
467.5924331,4.74467
468.1364331,3.97142
468.7395708,2.11142
468.9472618,6.94622
469.3349517,7.2335
469.5149506,6.94922
469.9303326,0.792993
470.1631264,8.13427
471.2884331,6.66488
472.3524331,4.41872
472.3524331,7.08265
472.7315719,10.249
473.0638775,2.96114
473.3961831,6.64127
475.0626101,6.20314
475.1941477,8.86985
475.3326084,3.21567
475.4641461,8.69606
475.6926062,7.20284
476.0456809,6.54577
477.3125961,8.02513
477.4324331,8.05058
477.8034421,7.31141
478.6757443,6.25673
478.8418971,7.20284
478.8972814,8.05058
479.4718932,3.51274
480.4203488,7.76677
480.6765011,4.73479
481.264959,2.57185
481.5418803,6.69697
482.3795674,7.5583
482.5059005,8.97805
482.6235921,4.98709
482.9489747,8.69606
483.3158955,6.19697
485.0466539,6.68977
485.3720365,7.22663
485.7528034,3.74903
486.4331336,5.85773
487.1462061,1.02962
487.4023584,4.36717
487.7364331,6.81919
488.3300449,8.4889
488.4823516,8.20182
488.7177348,6.07686
489.0915786,1.84372
489.2369623,8.05058
490.1784949,-2.81341
490.6700303,-1.30933
491.5423326,8.07915
491.9092534,4.70184
492.9726062,7.76677
493.2979888,5.88538
493.6510635,6.64127
495.0356702,6.94922
495.4510523,3.46355
495.5825899,8.33313
496.0020516,4.22464
496.2305117,8.13427
496.4658949,5.28371
496.7566623,6.68977
497.1581983,5.15837
498.2935758,8.66738
498.3835753,8.27611
498.5774202,8.07915
498.944341,6.68258
499.8235663,6.36709
500.1489489,5.97792
500.6360522,5.90702
500.6360522,6.98295
501.1604331,3.76908
502.1284331,2.34469
502.8721921,-0.18633
503.0964331,8.13427
503.3637275,9.06163
503.9798775,1.9713
503.9798775,3.22406
504.4724331,-2.81341
505.0964331,-0.415515
505.9455825,6.94922
506.2964331,3.46355
506.5063483,0.548121
506.6309629,5.28913
506.9355764,2.79545
507.0255758,6.2857
507.3301893,4.77382
507.475573,8.81957
507.7764331,4.85694
508.9604331,4.7288
510.457737,4.7288
511.3923466,3.4174
511.8077286,1.15057
513.1369511,3.94468
514.3243578,2.33311
514.5389719,8.13427
515.2797365,6.94922
515.6189651,3.46355
515.9581938,-0.248461
517.2043399,4.22464
517.4535691,8.13427
518.6027927,3.41181
519.7209152,3.4174
520.0532208,4.79843
520.2164331,4.71841
522.2244331,7.88532
523.1491235,5.16553
523.4121988,8.81957
524.1460404,4.22464
524.2775781,8.13427
524.5060382,8.07915
524.6998831,8.66738
526.3821803,10.249
526.9291,3.00469
527.8283767,3.00469
527.9391452,6.94622
528.4722188,8.07915
528.6964331,8.66738
529.6964331,4.22464
529.9814402,10.249
530.1683621,8.69606
530.5283599,7.20284
531.8020471,3.4174
532.0484331,8.81957
533.1728078,6.94922
533.6020359,3.46355
533.7543427,6.04834
534.1212635,0.14842
534.4951073,3.73481
534.6884331,8.13427
535.8400477,2.50307
535.9300471,8.0009
536.310814,3.09513
536.6804331,1.15057
538.0969567,0.854415
538.8931056,2.97451
540.0004331,1.6525
540.0004331,1.28371
540.638814,5.2564
540.9711196,8.21356
541.5526545,8.66738
541.9403444,3.29953
542.0857281,9.06163
542.3557264,7.31996
542.6603399,8.57446
542.8472618,8.51075
543.1518753,4.92892
543.4426427,6.49166
544.2392797,3.76908
544.9924331,8.02513
546.2804331,2.33311
547.2092612,2.08194
547.8877185,1.43508
548.0804331,8.13427
549.3604331,5.85773
550.836341,9.20805
551.0786472,5.27735
552.621128,8.69606
552.9364331,5.36892
553.839582,3.4174
554.1026573,8.81957
555.0095747,8.33313
555.9441843,8.61601
556.089568,7.12415
558.5488134,5.58612
559.2134247,3.59292
559.8564331,1.49739
560.6811079,6.94922
561.0064904,3.46355
561.318027,8.81957
563.5403466,3.4174
563.9626517,1.15057
565.2157208,4.06268
566.3524331,8.57446
566.8177359,3.05777
567.2608101,5.9402
568.6324331,8.66738
569.9677163,6.54577
570.8889163,6.94922
571.3181444,3.46355
571.7127573,4.84717
571.8719871,6.96607
572.1350624,6.70471
572.3604331,1.41342
573.3673624,3.00469
573.6404331,8.13427
574.4897415,8.02415
574.8358932,5.16929
575.3604331,3.68236
576.6635741,8.33313
577.044341,9.06163
577.3044331,8.66738
577.9284331,6.54577
578.6129735,8.27611
579.0964331,6.75732
579.7968123,3.68236
580.7383449,3.4174
581.0221893,8.81957
582.0814135,6.94922
582.5204331,3.46355
582.7667938,5.89404
583.0510747,6.81919
583.1410741,6.2857
583.3349191,8.02513
583.4249185,8.0009
583.6804331,3.4174
585.0726006,10.249
586.1204331,5.15837
586.6787444,4.36412
587.6162011,6.94922
587.9069685,3.46355
588.1838898,4.84717
588.5715797,1.15057
589.7000343,2.35328
589.9044331,8.05058
590.468491,7.31141
591.3269472,1.39872
592.4386845,7.61787
593.8994447,3.98155
594.5684331,3.39886
595.0209762,6.86843
595.187129,9.06163
595.8122033,1.83896
596.8368123,3.4174
597.2452713,1.15057
598.1383427,6.94922
598.4291101,3.46355
598.7337236,3.42133
598.8168,8.0009
599.0644331,8.81957
600.5271286,7.12757
600.6794353,9.06163
601.0244331,1.83896
602.043273,4.73926
602.1263494,8.57446
602.5124331,8.07915
603.4804331,5.35493
603.8640309,8.57446
604.0024916,9.9303
604.1132601,8.51075
604.6404331,4.1425
606.2160432,7.76677
607.0052691,1.80993
607.2891135,8.69606
607.5314196,5.27735
608.022955,6.54577
608.2884331,8.4889
609.1306405,7.68114
609.3551364,4.84008
609.5559044,8.51075
609.7082112,8.4889
610.1097471,6.54577
610.4143606,8.26486
610.6358977,8.86985
610.9124331,5.27735
612.0343505,3.4174
612.3528101,1.15057
613.1524331,3.4174
613.2666505,9.01752
613.9243388,6.94922
614.173568,3.46355
614.9351017,8.13427
615.5228185,7.31141
615.7858938,7.68114
615.9797387,4.29046
616.3524331,-1.89712
618.6804331,8.66738
619.3927944,9.01752
620.3255314,5.97594
620.3255314,6.80461
620.7962977,2.07819
621.0386039,8.4889
621.9455214,3.4174
622.1670584,8.26486
622.4164331,8.81957
623.5262039,5.85773
624.2461994,10.249
624.8138882,2.17361
625.9838809,6.3603
626.2608022,10.249
626.6000309,5.58904
627.1954118,3.76908
627.3131034,8.13427
627.5623326,8.61601
628.6238977,6.94922
629.0808179,3.46355
629.5723533,8.27611
629.8008134,8.07915
630.2092724,4.79843
632.2169522,-1.89712
632.7292567,4.22464
632.9604331,8.13427
633.869278,7.28831
634.4324331,1.29198
635.1915775,8.69606
635.8146505,4.62683
637.9199222,6.68977
638.3768424,2.87413
639.0964331,3.76908
639.7844331,4.64583
640.3152919,7.76677
640.7860582,5.70071
642.2329722,7.76677
643.8044628,8.69606
644.1575375,6.6034
644.7124331,6.35176
645.4659909,6.94922
645.7844505,3.46355
646.0336797,8.81957
647.1444331,7.35978
648.1458859,7.32789
648.4804331,5.59039
649.1081876,5.54099
649.3020326,7.31141
649.4612624,8.21356
649.5789539,8.66738
649.7312607,5.26987
650.1120275,0.963174
650.4997174,3.99747
652.2244331,0.963174
652.7797331,8.57446
652.959732,8.51075
653.6084331,3.00766
655.002027,3.4174
655.2484331,8.81957
656.2248168,4.06268
657.1525033,6.96607
657.3048101,8.57446
657.7444331,3.05777
658.1563432,7.01127
659.2640286,6.94922
659.7284331,3.46355
659.949409,6.00386
660.0394084,8.11678
660.5082022,3.00469
661.1105061,7.68114
661.2766589,6.77378
661.4012736,8.11678
661.9758854,5.58612
662.924341,9.06163
663.1284331,8.0009
663.94895,0.928219
664.4404854,1.28371
665.9444331,8.69606
666.3849862,0.904218
666.952675,6.94922
666.952675,5.58612
668.3364331,9.20805
669.0169713,6.94922
669.2938927,3.46355
669.5124331,8.81957
670.8308062,9.20805
671.6061859,5.58612
671.8644331,8.81957
673.1604331,8.66738
674.3364331,6.54577
675.1963432,6.94922
675.6004331,3.46355
675.9924921,9.06163
676.3455669,3.26461
676.4286433,6.2857
676.7444331,-0.248461
677.8888168,9.06163
678.2324331,7.31996
679.0795786,5.58612
679.3080387,5.01443
679.6472674,5.83212
679.8341893,7.68114
680.1111107,1.92571
680.4364932,-1.42712
680.6164921,7.57317
680.8241831,8.11678
682.0528202,8.66738
683.6964331,8.75228
684.3374213,3.69337
684.4481899,9.06163
685.2581848,8.66738
686.2412556,6.81739
687.7354525,8.11678
689.1364331,5.85773
690.0404331,5.54436
690.1654374,9.9303
690.4146666,8.67673
690.5462042,8.33313
691.0391241,6.54577
691.1637387,8.4889
691.3852758,7.23743
692.6004331,3.99581
692.7906517,4.00733
692.9014202,8.0009
693.5037241,4.65072
693.8014146,5.90702
694.8057438,8.07915
695.0724331,4.62154
695.8926601,8.2837
696.2734269,8.61601
696.5226561,8.81957
697.0084331,10.249
697.1664983,8.69606
697.2703438,9.9303
697.720341,3.37759
699.2769735,5.78889
700.2254292,6.94922
700.5438887,3.46355
700.8208101,8.81957
701.8731112,5.78889
702.7107983,5.58612
703.05695,8.81957
704.4123533,5.80167
705.0631185,6.94922
705.4438854,3.46355
705.7277298,4.04498
705.7277298,8.13427
705.9561899,4.53646
706.3204331,0.708036
707.3905151,5.9964
707.9582039,6.77378
707.9582039,8.11678
708.2564331,4.1892
708.7197376,9.01752
708.8235831,10.249
709.2805033,4.53646
709.5089635,5.32865
709.9658837,3.01357
710.1458826,7.12757
710.2981893,5.39834
710.7966477,2.06686
711.9569758,4.8739
712.7946629,4.53646
713.1477376,1.42792
713.7708106,2.06686
714.1515775,9.01752
714.4146528,3.48554
714.8577269,1.4207
715.7715674,6.94922
716.2354107,3.46355
716.9283544,1.30833
717.0114309,6.2857
717.3444331,1.15057
718.7629584,7.28831
718.9291112,5.39834
719.2614168,4.1892
719.489877,8.13427
720.5215881,-0.248461
720.7444331,7.76677
721.0408157,6.68258
721.7924331,3.76908
723.0831107,8.66738
724.6724331,5.85773
725.8841955,6.68258
726.5211146,7.68114
726.6249601,10.249
727.1718798,6.68977
727.4903393,1.51072
727.843414,1.89462
728.2726421,-0.415515
729.5749685,9.20805
730.6757309,6.94922
731.1284331,3.46355
731.6588017,1.23256
731.7557241,6.2857
732.0949528,-0.248461
733.6623528,9.20805
734.8531146,9.20805
736.2031062,9.20805
737.3745095,0.916291
737.9629674,4.79843
738.1775814,4.71841
739.9498781,10.249
740.5444331,8.66738
741.513278,6.94922
741.8317376,3.46355
742.0671207,6.41305
743.8532635,10.249
744.4964331,8.66738
746.0212758,10.249
746.6724331,8.66738
748.1951084,10.249
748.9368235,8.66738
750.3352764,0.916291
750.9652724,6.96607
751.3391163,4.79843
751.5814224,4.71841
752.7306461,6.81576
753.5198719,8.20182
754.1748196,6.65357
755.4417348,8.69606
756.1132691,3.68236
757.3248,8.81957
758.609437,8.69606
759.211741,3.68236
760.1048123,8.69606
760.658655,3.68236
761.5517264,8.69606
762.1678764,3.68236
763.6748174,0.916291
764.2484331,6.96607
764.6994264,4.79843
764.9071174,8.0009
765.84865,6.94922
766.1601865,3.46355
766.5524331,8.75228
766.5524331,4.71841
768.1297404,2.33311
768.3305084,8.02415
768.7844331,5.15837
769.6564331,5.07436
769.9920365,5.43512
770.095882,10.249
770.6358786,-0.798508
771.7124331,6.3603
772.140819,6.96607
772.549278,-0.510826
772.7015848,6.96607
773.2324331,1.69194
773.2324331,-0.150823
773.9131157,5.47303
774.183114,3.33399
774.7369567,1.89462
774.8615713,8.57446
775.2004331,8.07915
776.081437,7.68114
776.2268207,10.249
776.5314342,3.62754
776.905278,5.84696
777.0022005,8.2837
777.3691213,8.81957
777.6084331,7.0812
779.2244331,2.7272
780.0829506,9.06163
780.6298702,5.58612
781.8320538,5.54099
782.4066656,6.17116
782.8774319,5.59039
