在,0,0.178163924,7,12811.05,P,0,
沙漠,0.178163924,0.716673332,7,20.18,NN,1,-0.10893
岩石,0.949082656,1.434208617,7,10.58,NN,1,-0.21175
雪地,1.434208617,1.929736631,7,1.01,NN,1,-0.31141
上,1.929736631,2.145140394,7,3409.33,VV,1,-0.33908
行走,2.298190436,2.660975722,7,5.69,VV,1,-0.24572
了,2.660975722,2.751672043,7,28210.53,PU,0,
很,2.751672043,3.21649069,7,5979.28,AD,1,-0.42277
长,2.751672043,3.21649069,7,362.87,VA,1,-0.18974
的,3.21649069,3.278844411,7,50155.13,DEG,0,
时间,3.278844411,3.562270416,7,915.24,NN,1,-0.29112
以后,3.562270416,3.987409422,7,259.28,AD,1,-0.28555
小,4.633620712,4.820681875,7,1042.34,VA,1,-0.22388
王子,4.820681875,5.202208617,7,31.93,NN,1,-0.044103
终于,5.457687287,5.775124412,7,127.38,AD,1,-0.3072
发现,5.775124412,6.098230057,7,589.45,VV,1,-0.2237
了,6.098230057,6.183257858,7,28210.53,PU,0,
一,6.183257858,6.31363382,7,6069.96,CD,0,
条,6.31363382,6.489357943,7,372.86,NN,1,-0.18097
大,6.489357943,6.687756146,7,1343.24,VA,1,-0.2798
路,6.687756146,6.842208617,7,208.46,NN,1,-0.11592
所有,7.560708239,7.954208617,7,827.18,DT,0,
的,7.954208617,8.042532447,7,50155.13,DEG,0,
大,8.042532447,8.22959361,7,1343.24,VA,1,-0.52854
路,8.22959361,8.386208617,7,208.46,NN,1,-0.36013
都,8.642150078,8.79520012,7,5294.71,AD,1,-0.31482
是,8.79520012,8.931244602,7,28253.52,VC,1,-0.2641
通往,8.931244602,9.288361368,7,10.85,VV,1,-0.29402
人,9.288361368,9.46975401,7,5810.26,NN,1,-0.28148
住,9.46975401,9.622804053,7,584.32,VV,1,-0.20725
的,9.622804053,9.724837414,7,50155.13,DEG,0,
地方,9.724837414,10.0309375,7,696.29,NN,1,-0.37296
的,10.0309375,10.1726505,7,50155.13,DEG,0,
你们,11.05693963,11.26667488,7,3366.85,PN,0,
好,11.26667488,11.67480832,7,9977.13,VA,1,-0.29018
小,12.330902,12.5293002,7,1042.34,VA,1,-0.31753
王子,12.5293002,12.84673733,7,31.93,NN,1,-0.1115
说,12.84673733,13.11420862,7,6765.38,VV,1,-0.34197
这,13.92375615,14.09381175,7,8554.9,PN,0,
是,14.09381175,14.25253031,7,28253.52,VC,1,-0.52846
一,14.25253031,14.39424331,7,6069.96,CD,0,
个,14.39424331,14.6153156,7,5184,M,0,
玫瑰,14.70601192,15.0404546,7,17.53,NN,1,-0.14229
盛开,15.0404546,15.39757137,7,1.58,VV,1,-0.22155
的,15.39757137,15.47693065,7,50155.13,DEG,0,
花园,15.47693065,15.92093536,7,22.18,NN,1,-0.18542
你,16.23420862,16.53020862,7,39629.27,PN,0,
好,16.53020862,17.02062826,7,9977.13,VA,1,-0.50833
玫瑰花,17.66620862,18.12220862,7,1.97,NN,1,-0.39861
说道,18.12220862,18.51711756,7,3.16,VV,1,-0.26781
小,18.99894177,19.18475743,7,1042.34,VA,1,-0.52174
王子,19.18475743,19.5985594,7,31.93,NN,1,-0.31747
瞅,19.5985594,19.80829464,7,1.49,NN,1,0.013273
着,19.80829464,19.90465949,7,2983.65,VV,1,-0.2699
这些,19.90465949,20.19375401,7,1095.05,DT,0,
花,20.19375401,20.42616333,7,266.7,VV,1,-0.32572
它们,20.90231902,21.08938018,7,296.1,PN,0,
全,21.08938018,21.30478395,7,229.32,VA,1,-0.072268
都,21.30478395,21.40114879,7,5294.71,AD,1,-0.32876
和,21.40114879,21.53152475,7,4483.86,P,0,
他,21.53152475,21.67890627,7,11853.78,PN,0,
的,21.67890627,21.74125999,7,50155.13,DEG,0,
那,21.74125999,21.87163596,7,5666.37,PN,0,
朵,21.87163596,21.98500636,7,11.57,M,0,
花,21.98500636,22.18907308,7,266.7,VV,1,-0.43175
一样,22.18907308,22.59153801,7,860.33,VA,1,-0.35033
你们,23.26620862,23.60220862,7,3366.85,PN,0,
是,23.99016333,24.1772245,7,28253.52,VC,1,-0.34825
什么,24.1772245,24.47765606,7,7050.42,PN,0,
花,24.47765606,24.74407651,7,266.7,VV,1,-0.57377
小,25.4186304,25.60002304,7,1042.34,VA,1,-0.26034
王子,25.60002304,25.89478608,7,31.93,NN,1,-0.048195
惊奇,25.89478608,26.20088617,7,10.79,VA,1,-0.12971
地,26.20088617,26.28220862,7,536.84,NN,1,-0.17618
问道,26.28220862,26.52966033,7,0.78,VV,1,-0.11378
我们,27.25020862,27.85402264,7,11080.02,PN,0,
是,28.08076344,28.25081904,7,28253.52,VC,1,-0.48595
玫瑰花,28.25081904,29.04441186,7,1.97,NN,1,-0.37996
花儿,29.52056754,29.96271211,7,3.22,NN,1,-0.25306
们,29.52056754,29.96271211,7,1191.12,NN,1,-0.35849
说道,29.96271211,30.38946488,7,3.16,VV,1,-0.20545
他,31.39846145,31.54017445,7,11853.78,PN,0,
感到,31.54017445,32.05820862,7,197.1,VV,1,-0.4152
自己,32.05820862,32.38478395,7,1728.29,PN,0,
非常,32.38478395,32.71355811,7,804.14,AD,1,-0.49201
不幸,32.71355811,33.11035452,7,65.82,VA,1,-0.31774
他,33.71121765,33.87560473,7,11853.78,PN,0,
的,33.87560473,33.95496401,7,50155.13,DEG,0,
那,33.95496401,34.09020862,7,5666.37,PN,0,
朵,34.09020862,34.22326684,7,11.57,M,0,
花,34.22326684,34.48968729,7,266.7,VV,1,-0.14239
曾,34.48968729,34.69942253,7,150.57,AD,1,-0.14426
对,34.69942253,34.80145589,7,3958.83,VA,1,-0.4572
他,34.80145589,34.97718001,7,11853.78,PN,0,
说,34.97718001,35.20958934,7,6765.38,VV,1,-0.45426
她,35.68007651,35.80478395,7,6600.39,PN,0,
是,35.80478395,35.93515991,7,28253.52,VC,1,-0.41573
整个,35.93515991,36.28660815,7,199.6,DT,0,
宇宙,36.28660815,36.59837676,7,30.08,NN,1,-0.22757
中,36.59837676,36.79677496,7,1039.21,NR,1,-0.37436
独一无二,36.94620862,37.56769369,7,10.43,VV,1,-0.29783
的,37.56769369,37.66900382,7,50155.13,DEG,0,
一,37.66900382,37.7483631,7,6069.96,CD,0,
种,37.7483631,37.89574463,7,468.48,VV,1,-0.22521
花,37.89574463,38.12248543,7,266.7,VV,1,-0.30438
可是,38.56463,39.03420862,7,349.93,AD,1,-0.36458
仅,39.49993581,39.67565993,7,48.56,AD,1,-0.26175
在,39.67565993,39.78336181,7,12811.05,P,0,
这,39.78336181,39.93641186,7,8554.9,PN,0,
一,39.93641186,40.07812486,7,6069.96,CD,0,
座,40.07812486,40.2311749,7,93.36,NN,1,-0.12229
花园,40.2311749,40.53727499,7,22.18,NN,1,-0.14274
里,40.53727499,40.77020862,7,1886.22,NN,1,-0.39717
就,41.18174075,41.32912228,7,8246.34,AD,1,-0.31276
有,41.32912228,41.45949824,7,8618.15,VE,1,-0.36376
五千,41.45949824,41.82228352,7,5.28,CD,0,
朵,41.82228352,41.95265949,7,11.57,M,0,
完全,41.95265949,42.26442809,7,359.74,AD,1,-0.39105
一样,42.26442809,42.5478541,7,860.33,VA,1,-0.41899
的,42.5478541,42.70090414,7,50155.13,DEG,0,
这种,42.70090414,42.95598754,7,435.66,NR,1,-0.37259
花朵,42.95598754,43.35278395,7,3.61,NN,1,-0.30645
小,44.1860564,44.37311756,7,1042.34,VA,1,-0.23929
王子,44.37311756,44.83793621,7,31.93,NN,1,-0.048899
自言自语,44.92296401,45.44959832,7,3.7,NN,1,-0.26809
地,45.44959832,45.56296872,7,536.84,NN,1,-0.3225
说,45.56296872,45.94275957,7,6765.38,VV,1,-0.38717
如果,46.82138018,47.34288403,7,2277.94,CS,0,
她,47.73401192,47.94941568,7,6600.39,PN,0,
看到,47.94941568,48.24417873,7,798.38,VV,1,-0.46942
这些,48.24417873,48.66364921,7,1095.05,DT,0,
她,49.26145763,49.40883915,7,6600.39,PN,0,
是,49.40883915,49.56188919,7,28253.52,VC,1,-0.40373
一定,49.56188919,49.82830964,7,604.33,AD,1,-0.38466
会,49.82830964,49.96435412,7,7927.17,VV,1,-0.3674
很,49.96435412,50.10606712,7,5979.28,AD,1,-0.49199
恼火,50.10606712,50.57655429,7,6.59,VA,1,-0.24068
她,51.16608038,51.29645634,7,6600.39,PN,0,
会,51.29645634,51.42116378,7,7927.17,VV,1,-0.55257
咳嗽,51.42116378,51.77820862,7,5.66,VV,1,-0.38919
得,51.77820862,51.88598243,7,3135.62,VV,1,-0.39024
更,51.88598243,52.07739815,7,961.44,AD,1,-0.44397
厉害,52.07739815,52.50820568,7,75.48,VA,1,-0.28566
并且,53.14307993,53.68220862,7,130.83,AD,1,-0.49835
为,54.09820862,54.22576727,7,1358.26,P,0,
避免,54.22576727,54.56020995,7,26.83,VV,1,-0.40666
让,54.56020995,54.65090627,7,3690.67,VV,1,-0.56816
人,54.65090627,54.80962484,7,5810.26,NN,1,-0.31915
耻笑,54.80962484,55.23420862,7,0.45,VV,1,-0.33318
她,55.65990285,55.77894177,7,6600.39,PN,0,
会,55.77894177,55.879476,7,7927.17,VV,1,-0.62689
佯装,55.879476,56.16220862,7,0.45,VV,1,-0.33099
死去,56.16220862,56.80911329,7,58.84,VV,1,-0.14989
那么,57.56869498,58.05051919,7,1245.85,AD,1,-0.451
我,58.59469712,58.702399,7,50147.83,PN,0,
还,58.702399,58.8724546,7,3884.93,AD,1,-0.45216
得,58.8724546,58.98015648,7,3135.62,VV,1,-0.38558
装,58.98015648,59.19556025,7,149.23,VV,1,-0.22196
着,59.19556025,59.28058805,7,2983.65,VV,1,-0.39014
去,59.28058805,59.46764921,7,4860.53,VV,1,-0.43083
护理,59.46764921,59.77263724,7,9.87,NN,1,-0.043693
她,59.77263724,60.01071509,7,6600.39,PN,0,
因为,60.4641967,60.90634126,7,1783.29,P,0,
如果,61.26620862,61.49019883,7,2277.94,CS,0,
不,61.49019883,61.59223219,7,20543.44,AD,1,-0.44151
这样,61.59223219,61.88132672,7,1916.59,VA,1,-0.50953
的,61.88132672,61.97202304,7,50155.13,DEG,0,
话,61.97202304,62.17608976,7,1189.39,NN,1,-0.22126
她,62.72593621,62.91866589,7,6600.39,PN,0,
为了,62.91866589,63.14883252,7,544.74,P,0,
使,63.14883252,63.34723072,7,146.51,VV,1,-0.39254
我,63.34723072,63.45493261,7,50147.83,PN,0,
难堪,63.45493261,63.88574013,7,16.99,NN,1,-0.33849
她,64.54328846,64.6679959,7,6600.39,PN,0,
可能,64.6679959,64.96842747,7,1324.25,VV,1,-0.38559
会,64.96842747,65.11580899,7,7927.17,VV,1,-0.4816
真的,65.11580899,65.43324612,7,156.05,VA,1,-0.38497
死去,65.43324612,66.04544629,7,58.84,VV,1,-0.21513
接着,66.90722236,67.49107993,7,64.06,AD,1,-0.26204
他,67.84252818,68.06360046,7,11853.78,PN,0,
又,68.06360046,68.2449931,7,1060.05,AD,1,-0.31436
说道,68.2449931,68.67580063,7,3.16,VV,1,-0.30922
我,69.58276384,69.769825,7,50147.83,PN,0,
还,69.769825,70.01357137,7,3884.93,AD,1,-0.45076
以为,70.01357137,70.37020862,7,494.3,VV,1,-0.38467
我,70.93820862,71.07978737,7,50147.83,PN,0,
有,71.07978737,71.22716889,7,8618.15,VE,1,-0.3693
一,71.22716889,71.32920226,7,6069.96,CD,0,
朵,71.32920226,71.45957822,7,11.57,M,0,
独一无二,71.45957822,72.02620862,7,10.43,VV,1,-0.21913
的,72.02620862,72.13413211,7,50155.13,DEG,0,
花,72.13413211,72.37220995,7,266.7,VV,1,-0.11694
呢,72.37220995,72.61595632,7,2287.93,SP,0,
我,73.34719541,73.50024545,7,50147.83,PN,0,
有,73.50024545,73.69864365,7,8618.15,VE,1,-0.51429
的,73.69864365,73.82620862,7,50155.13,DEG,0,
仅,74.22804101,74.39809661,7,48.56,AD,1,-0.24754
是,74.39809661,74.49446145,7,28253.52,VC,1,-0.48415
一,74.49446145,74.61350037,7,6069.96,CD,0,
朵,74.61350037,74.7608819,7,11.57,M,0,
普通,74.7608819,75.1576783,7,52.61,VA,1,-0.32613
的,75.1576783,75.24837462,7,50155.13,DEG,0,
花,75.24837462,75.44677283,7,266.7,VV,1,-0.26631
这,76.35373604,76.55213424,7,8554.9,PN,0,
朵,76.55213424,76.73352689,7,11.57,M,0,
花,76.73352689,76.93020862,7,266.7,VV,1,-0.46951
再,77.4398186,77.58720012,7,1684.82,AD,1,-0.14654
加上,77.58720012,77.88763168,7,39.59,VV,1,-0.25609
三,77.88763168,78.09169841,7,504.26,CD,0,
座,78.09169841,78.25820862,7,93.36,NN,1,-0.070137
只有,78.52250593,78.75491526,7,206.16,AD,1,-0.52891
我,78.75491526,78.88529122,7,50147.83,PN,0,
膝盖,78.88529122,79.20272834,7,20.36,NN,1,-0.25781
那么,79.20272834,79.40679507,7,1245.85,AD,1,-0.28831
高,79.40679507,79.54283955,7,221.04,VA,1,-0.18753
的,79.54283955,79.64487291,7,50155.13,DEG,0,
火山,79.64487291,80.03420862,7,7.9,NN,1,-0.041018
而且,80.64820097,80.92028993,7,578.42,AD,1,-0.53537
其中,80.92028993,81.20134642,7,137.21,NN,1,-0.38693
一,81.20134642,81.35439646,7,6069.96,CD,0,
座,81.35439646,81.53820862,7,93.36,NN,1,-0.34061
还,81.97793367,82.13665224,7,3884.93,AD,1,-0.38481
可能,82.13665224,82.39173564,7,1324.25,VV,1,-0.46576
是,82.39173564,82.5221116,7,28253.52,VC,1,-0.44513
永远,82.5221116,82.82821169,7,299.17,AD,1,-0.23699
熄灭,82.82821169,83.23634513,7,4.17,VV,1,-0.26163
了,83.23634513,83.32704145,7,28210.53,PU,0,
的,83.32704145,83.49020862,7,50155.13,DEG,0,
这,84.46959832,84.71901321,7,8554.9,PN,0,
一切,84.71901321,85.23420862,7,647.13,PN,0,
不,85.77335794,85.93774503,7,20543.44,AD,1,-0.39452
会,85.93774503,86.14748027,7,7927.17,VV,1,-0.45687
使,86.14748027,86.31186735,7,146.51,VV,1,-0.44008
我,86.31186735,86.45924887,7,50147.83,PN,0,
成为,86.45924887,86.75968044,7,299.23,VV,1,-0.3401
一,86.75968044,86.85037676,7,6069.96,CD,0,
个,86.85037676,86.92973604,7,5184,M,0,
了不起,86.92973604,87.53059917,7,33.54,VV,1,-0.15986
的,87.53059917,87.63188532,7,50155.13,DEG,0,
王子,87.63188532,88.22141141,7,31.93,NN,1,0.028935
于是,88.83361158,89.25020862,7,58.13,AD,1,-0.35613
他,89.73490627,89.87095076,7,11853.78,PN,0,
躺,89.87095076,90.05801192,7,66.18,VV,1,-0.19949
在,90.05801192,90.1373712,7,12811.05,P,0,
草丛,90.1373712,90.53983613,7,1.25,NN,1,-0.20444
中,90.53983613,90.74390285,7,1039.21,NR,1,-0.40146
哭泣,90.87994733,91.31432801,7,13.95,VV,1,-0.32494
起来,91.31432801,91.71679293,7,1109.06,VV,1,-0.36039
就,92.68610987,92.84220862,7,8246.34,AD,1,-0.50196
在,92.84220862,92.95253031,7,12811.05,P,0,
这,92.95253031,93.17927111,7,8554.9,PN,0,
当儿,93.17927111,93.45136008,7,0.27,VV,1,-0.19885
跑,93.93318429,94.12591397,7,367.61,VV,1,-0.32699
来,94.12591397,94.23750936,7,5519.32,VV,1,-0.31223
了,94.23750936,94.35654828,7,28210.53,PU,0,
一,94.35654828,94.48125572,7,6069.96,CD,0,
只,94.48125572,94.62296872,7,2167.08,AD,1,-0.39898
狐狸,94.62296872,95.04243921,7,8.59,NN,1,-0.22307
你,96.23420862,96.38620862,7,39629.27,PN,0,
好,96.38620862,96.8733712,7,9977.13,VA,1,-0.37034
狐狸,97.64428993,98.03607223,7,8.59,NN,1,-0.34719
说,98.03607223,98.31382972,7,6765.38,VV,1,-0.3835
你,99.29020862,99.45320226,7,39629.27,PN,0,
好,99.45320226,99.72220862,7,9977.13,VA,1,-0.5763
小,100.3034803,100.4905414,7,1042.34,VA,1,-0.27582
王子,100.4905414,100.9270175,7,31.93,NN,1,-0.10744
很,100.9270175,101.1084101,7,5979.28,AD,1,-0.36494
有,101.1084101,101.216112,7,8618.15,VE,1,-0.38833
礼貌,101.216112,101.5382086,7,26.17,NN,1,-0.43013
地,101.5382086,101.6355825,7,536.84,NN,1,-0.2237
回答,101.6355825,101.9067908,7,121.32,VV,1,-0.36999
道,101.9067908,102.105189,7,111.99,NN,1,-0.15536
他,102.7684058,102.8874448,7,11853.78,PN,0,
转,102.8874448,103.0404948,7,145.59,VV,1,-0.11105
过,103.0404948,103.1368597,7,3350.21,VV,1,-0.35047
身,103.1368597,103.3069153,7,134.92,NN,1,-0.1057
来,103.3069153,103.5142086,7,5519.32,VV,1,-0.30453
但,103.9862086,104.077834,7,2034.22,AD,1,-0.47904
什么,104.077834,104.3442544,7,7050.42,PN,0,
也,104.3442544,104.4632934,7,3928.9,AD,1,-0.44745
没有,104.4632934,104.656023,7,3226.48,VE,1,-0.39578
看到,104.656023,105.0301454,7,798.38,VV,1,-0.36722
我,106.4342086,106.6022086,7,50147.83,PN,0,
在,106.6022086,106.7227151,7,12811.05,P,0,
这儿,106.7227151,107.0401522,7,739.99,PN,0,
在,107.8167395,107.9471154,7,12811.05,P,0,
苹果,107.9471154,108.2872266,7,22.83,NN,1,-0.1576
树,108.2872266,108.530973,7,64.09,NN,1,-0.10613
下,108.530973,108.7302086,7,1549.34,VV,1,-0.3256
那,109.7298742,109.8375761,7,5666.37,PN,0,
声音,109.8375761,110.1266706,7,164.64,NN,1,-0.3352
说,110.1266706,110.3930911,7,6765.38,VV,1,-0.39172
你,111.1640098,111.3170598,7,39629.27,PN,0,
是,111.3170598,111.4757784,7,28253.52,VC,1,-0.46146
谁,111.4757784,111.77621,7,1573.4,PN,0,
小,112.6434935,112.8113203,7,1042.34,VA,1,-0.23617
王子,112.8113203,113.1514315,7,31.93,NN,1,-0.047322
说,113.1514315,113.4065149,7,6765.38,VV,1,-0.53663
你,114.2284503,114.3815004,7,39629.27,PN,0,
很,114.3815004,114.5345504,7,5979.28,AD,1,-0.41812
漂亮,114.5345504,115.0220431,7,328.86,VA,1,-0.3719
我,116.1062086,116.5695491,7,50147.83,PN,0,
是,116.8668798,117.1276317,7,28253.52,VC,1,-0.56367
一,117.1276317,117.2920188,7,6069.96,CD,0,
只,117.2920188,117.4337318,7,2167.08,AD,1,-0.34457
狐狸,117.4337318,118.0459319,7,8.59,NN,1,-0.26996
狐狸,118.8451933,119.2136471,7,8.59,NN,1,-0.388
说,119.2136471,119.4573934,7,6765.38,VV,1,-0.5265
来,120.320139,120.484526,7,5519.32,VV,1,-0.25641
和,120.484526,120.614902,7,4483.86,P,0,
我,120.614902,120.745278,7,50147.83,PN,0,
一起,120.745278,120.9606817,7,980.4,AD,1,-0.32131
玩儿,120.9606817,121.181754,7,14.46,VV,1,-0.19536
吧,121.181754,121.3971578,7,5785.52,SP,0,
小,121.8959875,122.0943857,7,1042.34,VA,1,-0.23364
王子,122.0943857,122.4344969,7,31.93,NN,1,-0.13648
建议,122.4344969,122.7576026,7,113.84,VV,1,-0.16319
道,122.7576026,122.9446638,7,111.99,NN,1,-0.11947
我,123.709914,124.1308798,7,50147.83,PN,0,
很,124.6863947,124.8982086,7,5979.28,AD,1,-0.29316
苦恼,124.8982086,125.7010598,7,4.47,VA,1,-0.33295
我,126.5382086,126.6930508,7,50147.83,PN,0,
不,126.6930508,126.9197916,7,20543.44,AD,1,-0.40635
能,126.9197916,127.0841787,7,4967.91,VV,1,-0.41022
和,127.0841787,127.2372288,7,4483.86,P,0,
你,127.2372288,127.3770556,7,39629.27,PN,0,
一起,127.3770556,127.6718186,7,980.4,AD,1,-0.48367
玩,127.6718186,127.9098964,7,388.51,VV,1,-0.30304
狐狸,128.3803836,128.7715115,7,8.59,NN,1,-0.23744
说,128.7715115,129.0662745,7,6765.38,VV,1,-0.41184
我,130.1382086,130.7222086,7,50147.83,PN,0,
还,130.7222086,130.9425547,7,3884.93,AD,1,-0.43024
没有,130.9425547,131.2259807,7,3226.48,VE,1,-0.51991
被,131.2259807,131.3508575,7,1958.33,LB,0,
驯服,131.3508575,131.9347151,7,2.27,VA,1,-0.37726
呢,131.9347151,132.1614559,7,2287.93,SP,0,
啊,132.9663857,133.1364413,7,3903.92,IJ,0,
真,133.7373045,133.9697138,7,3053.82,VA,1,-0.16135
对不起,133.9697138,134.593251,7,612.52,VV,1,-0.26755
小,135.5126345,135.7450438,7,1042.34,VA,1,-0.23137
王子,135.7450438,136.0624809,7,31.93,NN,1,-0.15468
说,136.0624809,136.3462086,7,6765.38,VV,1,-0.60468
思索,136.7653774,137.1621738,7,1.76,VV,1,-0.35105
了,137.1621738,137.2642072,7,28210.53,PU,0,
一会儿,137.2642072,137.5222086,7,99.53,NN,1,-0.36185
他,137.8083851,137.9387611,7,11853.78,PN,0,
又,137.9387611,138.086426,7,1060.05,AD,1,-0.31394
说道,138.086426,138.4265372,7,3.16,VV,1,-0.43929
什么,139.0614114,139.786982,7,7050.42,PN,0,
叫,140.1214247,140.3028173,7,1032.83,VV,1,-0.37182
驯服,140.3028173,140.8640008,7,2.27,VA,1,-0.3493
呀,140.8640008,141.0964101,7,318.96,IJ,0,
你,141.8822086,142.3222086,7,39629.27,PN,0,
不是,142.4582086,142.7862086,7,11.21,CC,0,
此,142.7862086,142.9982745,7,226.4,PN,0,
地,142.9982745,143.1626616,7,536.84,NN,1,-0.18859
人,143.1626616,143.3622086,7,5810.26,NN,1,-0.32061
狐狸,144.0866304,144.3757249,7,8.59,NN,1,-0.27898
说,144.3757249,144.6194713,7,6765.38,VV,1,-0.71735
你,145.2822086,145.5065149,7,39629.27,PN,0,
来,145.5065149,145.8296206,7,5519.32,VV,1,-0.2713
寻找,145.8296206,146.2150799,7,80.01,VV,1,-0.23034
什么,146.2150799,146.5948708,7,7050.42,PN,0,
我,147.5358451,147.6378785,7,50147.83,PN,0,
来,147.6378785,147.7682544,7,5519.32,VV,1,-0.48733
找,147.7682544,147.9609841,7,1390.52,VV,1,-0.42262
人,147.9609841,148.2662086,7,5810.26,NN,1,-0.49172
小,149.1481834,149.3465816,7,1042.34,VA,1,-0.21836
王子,149.3465816,149.6300076,7,31.93,NN,1,-0.13206
说,149.6300076,149.8502086,7,6765.38,VV,1,-0.47932
什么,150.5313023,150.9507728,7,7050.42,PN,0,
叫,150.9507728,151.1622086,7,1032.83,VV,1,-0.39015
驯服,151.3475692,151.8747416,7,2.27,VA,1,-0.35897
呢,151.8747416,152.0982086,7,2287.93,SP,0,
人,153.0022086,153.4662086,7,5810.26,NN,1,-0.46835
狐狸,154.2719875,154.6064302,7,8.59,NN,1,-0.30518
说,154.6064302,154.8558451,7,6765.38,VV,1,-0.55012
他们,155.3660119,155.7514713,7,4187.02,PN,0,
有,155.7514713,155.9328639,7,8618.15,VE,1,-0.34959
枪,155.9328639,156.2332955,7,353.24,NN,1,-0.21432
他们,156.70859,156.980679,7,4187.02,PN,0,
还,156.980679,157.1564031,7,3884.93,AD,1,-0.31671
打猎,157.1564031,157.558868,7,8.41,VV,1,-0.35975
这,158.0236867,158.1597311,7,8554.9,PN,0,
真,158.1597311,158.3637979,7,3053.82,VA,1,-0.17163
碍事,158.3637979,158.8002739,7,3.01,VA,1,-0.0463
他们,159.3557889,159.6835427,7,4187.02,PN,0,
也,159.6835427,159.8252557,7,3928.9,AD,1,-0.46136
养,159.8252557,159.9499632,7,87.31,VV,1,-0.25988
鸡,159.9499632,160.3807707,7,87.37,NN,1,-0.26527
这些,160.9476227,161.4342086,7,1095.05,DT,0,
是,161.6845303,161.8262433,7,28253.52,VC,1,-0.39655
他们,161.8262433,162.1323434,7,4187.02,PN,0,
唯一,162.1323434,162.4422086,7,239.16,JJ,0,
的,162.4422086,162.5461454,7,50155.13,DEG,0,
可取,162.5461454,162.9284683,7,0.69,VV,1,-0.30129
之,162.9284683,163.0701813,7,471.11,PN,0,
处,163.0701813,163.2912536,7,166.25,NN,1,-0.14718
你,163.9222086,164.0338297,7,39629.27,PN,0,
是,164.0338297,164.1698742,7,28253.52,VC,1,-0.51271
来,164.1698742,164.2775761,7,5519.32,VV,1,-0.33437
寻找,164.2775761,164.6403614,7,80.01,VV,1,-0.23917
鸡,164.6403614,164.8557651,7,87.37,NN,1,-0.33237
的,164.8557651,164.9407929,7,50155.13,DEG,0,
吗,164.9407929,165.10518,7,7428.1,SP,0,
不,165.8817673,166.1382086,7,20543.44,AD,1,-0.37581
小,166.7490508,166.9191064,7,1042.34,VA,1,-0.25399
王子,166.9191064,167.2252065,7,31.93,NN,1,-0.06037
说,167.2252065,167.4512001,7,6765.38,VV,1,-0.33159
我,168.1702086,168.267467,7,50147.83,PN,0,
是,168.267467,168.4205171,7,28253.52,VC,1,-0.57903
来,168.4205171,168.5168819,7,5519.32,VV,1,-0.49924
找,168.5168819,168.6756005,7,1390.52,VV,1,-0.38547
朋友,168.6756005,169.1347506,7,775.55,NN,1,-0.34023
的,169.1347506,169.3218117,7,50155.13,DEG,0,
什么,169.9793601,170.370488,7,7050.42,PN,0,
叫,170.370488,170.5575491,7,1032.83,VV,1,-0.40336
驯服,170.5575491,171.0456206,7,2.27,VA,1,-0.40568
呢,171.0456206,171.3382086,7,2287.93,SP,0,
这,172.6781543,172.8878896,7,8554.9,PN,0,
是,172.8878896,173.0976248,7,28253.52,VC,1,-0.58616
已经,173.0976248,173.4434046,7,1543.29,AD,1,-0.27184
早,173.4434046,173.6304657,7,363.23,VA,1,-0.15595
就,173.6304657,173.8345324,7,8246.34,AD,1,-0.45694
被,173.8345324,173.993251,7,1958.33,LB,0,
人,173.993251,174.134964,7,5810.26,NN,1,-0.3161
遗忘,174.134964,174.4810111,7,10.46,VV,1,-0.22496
了,174.4810111,174.60005,7,28210.53,PU,0,
的,174.60005,174.6850778,7,50155.13,DEG,0,
事情,174.6850778,175.1158853,7,839.91,NN,1,-0.46067
狐狸,175.9604948,176.300606,7,8.59,NN,1,-0.21492
说,176.300606,176.5142086,7,6765.38,VV,1,-0.47758
它,177.2755915,177.4966638,7,1461.37,PN,0,
的,177.4966638,177.5930286,7,50155.13,DEG,0,
意思,177.5930286,177.9331398,7,573.5,NN,1,-0.2381
就,177.9331398,178.131538,7,8246.34,AD,1,-0.63341
是,178.131538,178.4022086,7,28253.52,VC,1,-0.36057
建立,178.866813,179.3826484,7,40.36,VV,1,-0.11243
联系,179.3826484,179.9835115,7,179.48,NN,1,-0.27678
建立,180.7997784,181.1852378,7,40.36,VV,1,-0.34423
联系,181.1852378,181.5942086,7,179.48,NN,1,-0.50183
一点,182.1862086,182.555565,7,606.38,CD,0,
不错,182.555565,183.0884058,7,564.29,VA,1,-0.17566
狐狸,183.8706616,184.2391154,7,8.59,NN,1,-0.20668
说,184.2391154,184.4885303,7,6765.38,VV,1,-0.51573
对,185.2254379,185.4326685,7,3958.83,VA,1,-0.45732
我,185.4326685,185.6140611,7,50147.83,PN,0,
来,185.6140611,185.8408019,7,5519.32,VV,1,-0.30459
说,185.8408019,186.1639076,7,6765.38,VV,1,-0.46614
你,186.6502086,186.7931133,7,39629.27,PN,0,
还,186.7931133,186.9631689,7,3884.93,AD,1,-0.39908
只,186.9631689,187.1162189,7,2167.08,AD,1,-0.31695
是,187.1162189,187.3146171,7,28253.52,VC,1,-0.44246
一,187.3146171,187.4053135,7,6069.96,CD,0,
个,187.4053135,187.4960098,7,5184,M,0,
小,187.4960098,187.6887395,7,1042.34,VA,1,-0.20013
男孩,187.6887395,188.2555915,7,142.46,NN,1,-0.21931
就,188.9131398,189.0775269,7,8246.34,AD,1,-0.53875
像,189.0775269,189.2022343,7,1497.29,AD,1,-0.35915
其他,189.2022343,189.5015761,7,422.19,DT,0,
千万,189.5015761,189.8422086,7,46.74,CD,0,
个,189.8422086,189.915378,7,5184,M,0,
小,189.915378,190.0740966,7,1042.34,VA,1,-0.40007
男孩,190.0740966,190.4198763,7,142.46,NN,1,-0.40943
一样,190.4198763,190.8280098,7,860.33,VA,1,-0.46733
我,191.3887188,191.6324652,7,50147.83,PN,0,
不,191.6324652,191.7968523,7,20543.44,AD,1,-0.40352
需要,191.7968523,192.131295,7,1322.4,VV,1,-0.34028
你,192.131295,192.3410302,7,39629.27,PN,0,
你,192.8982086,193.0495952,7,39629.27,PN,0,
也,193.0495952,193.1516286,7,3928.9,AD,1,-0.42658
同样,193.1516286,193.4286064,7,88.21,AD,1,-0.4618
用,193.4286064,193.6440102,7,1563.08,VV,1,-0.38865
不,193.6440102,193.7120324,7,20543.44,AD,1,-0.60633
着,193.7120324,193.9047621,7,2983.65,VV,1,-0.37725
我,193.9047621,194.2262086,7,50147.83,PN,0,
对,194.9647754,195.0668087,7,3958.83,VA,1,-0.49971
你,195.0668087,195.3048866,7,39629.27,PN,0,
来,195.3048866,195.4919477,7,5519.32,VV,1,-0.38865
说,195.4919477,195.7542086,7,6765.38,VV,1,-0.37679
我,196.4342086,196.5689665,7,50147.83,PN,0,
也,196.5689665,196.6993425,7,3928.9,AD,1,-0.58518
不过,196.6993425,197.177278,7,695.54,AD,1,-0.57372
是,197.3700076,197.613754,7,28253.52,VC,1,-0.48713
一,197.613754,197.74413,7,6069.96,CD,0,
只,197.74413,197.8915115,7,2167.08,AD,1,-0.47579
狐狸,197.8915115,198.3676672,7,8.59,NN,1,-0.12179
和,199.0422211,199.1839341,7,4483.86,P,0,
其他,199.1839341,199.5013712,7,422.19,DT,0,
千万,199.5013712,199.9062086,7,46.74,CD,0,
只,199.9062086,200.0172065,7,2167.08,AD,1,-0.59796
狐狸,200.0172065,200.3233066,7,8.59,NN,1,-0.25786
一样,200.3233066,200.705189,7,860.33,VA,1,-0.49553
但是,201.6742086,202.1542086,7,1571.49,AD,1,-0.59477
如果,202.6582086,202.96126,7,2277.94,CS,0,
你,202.96126,203.1199786,7,39629.27,PN,0,
驯服,203.1199786,203.5847972,7,2.27,VA,1,-0.39025
了,203.5847972,203.6981676,7,28210.53,PU,0,
我,203.6981676,203.9475825,7,50147.83,PN,0,
我们,204.5222086,204.8982086,7,11080.02,PN,0,
就,205.1074448,205.2661633,7,8246.34,AD,1,-0.5369
互相,205.2661633,205.7062086,7,50.32,AD,1,-0.29309
不可,205.7062086,205.9577228,7,34.97,VV,1,-0.26645
缺少,205.9577228,206.4905637,7,11.24,VV,1,-0.3796
了,206.4905637,206.5982656,7,28210.53,PU,0,
对,207.3702086,207.4891,7,3958.83,VA,1,-0.46966
我,207.4891,207.6024704,7,50147.83,PN,0,
来,207.6024704,207.7781946,7,5519.32,VV,1,-0.38147
说,207.7781946,208.0102086,7,6765.38,VV,1,-0.39747
你,208.2822086,208.4527485,7,39629.27,PN,0,
就,208.4527485,208.60013,7,8246.34,AD,1,-0.6691
是,208.60013,208.7191689,7,28253.52,VC,1,-0.42507
世界,208.7191689,209.025269,7,349.4,NN,1,-0.26094
上,209.025269,209.2123301,7,3409.33,VV,1,-0.42502
唯一,209.2123301,209.5694469,7,239.16,JJ,0,
的,209.5694469,209.6488062,7,50155.13,DEG,0,
了,209.6488062,209.7462086,7,28210.53,PU,0,
我,210.3542086,210.5114627,7,50147.83,PN,0,
对,210.5114627,210.6418387,7,3958.83,VA,1,-0.67164
你,210.6418387,210.8345684,7,39629.27,PN,0,
来,210.8345684,211.0216295,7,5519.32,VV,1,-0.51828
说,211.0216295,211.2582086,7,6765.38,VV,1,-0.50199
也,211.4742086,211.6791779,7,3928.9,AD,1,-0.521
是,211.6791779,211.8492335,7,28253.52,VC,1,-0.57085
世界,211.8492335,212.1836762,7,349.4,NN,1,-0.44833
上,212.1836762,212.3423947,7,3409.33,VV,1,-0.54833
唯一,212.3423947,212.7335226,7,239.16,JJ,0,
的,212.7335226,212.8582301,7,50155.13,DEG,0,
了,212.8582301,212.9489264,7,28210.53,PU,0,
我,213.8985193,214.3622086,7,50147.83,PN,0,
有点,214.7382086,215.0378919,7,175.79,AD,1,-0.31264
明白,215.0378919,215.3893401,7,737.6,VA,1,-0.34877
了,215.3893401,215.5382086,7,28210.53,PU,0,
小,216.2963033,216.4663589,7,1042.34,VA,1,-0.2163
王子,216.4663589,216.7837961,7,31.93,NN,1,0.012143
说,216.7837961,217.0342086,7,6765.38,VV,1,-0.5819
有,217.8842724,218.0982086,7,8618.15,VE,1,-0.46734
一,218.0982086,218.2243836,7,6069.96,CD,0,
朵,218.2243836,218.3622086,7,11.57,M,0,
花,218.3622086,218.7062078,7,266.7,VV,1,-0.11593
我,219.509507,219.6568885,7,50147.83,PN,0,
想,219.6568885,219.9622086,7,6325.1,VV,1,-0.40859
她,220.4788239,220.6602165,7,6600.39,PN,0,
把,220.6602165,220.8472777,7,3712.28,BA,0,
我,220.8472777,220.9776537,7,50147.83,PN,0,
驯服,220.9776537,221.4368038,7,2.27,VA,1,-0.33304
了,221.4368038,221.6068594,7,28210.53,PU,0,
这,221.9809817,222.3834467,7,8554.9,PN,0,
是,222.3834467,222.5382086,7,28253.52,VC,1,-0.47326
可能,222.5382086,223.1260228,7,1324.25,VV,1,-0.33211
的,223.1260228,223.3074154,7,50155.13,DEG,0,
狐狸,223.9098297,224.1782086,7,8.59,NN,1,-0.2711
说,224.1782086,224.4880188,7,6765.38,VV,1,-0.56862
世界,225.3439653,225.6500654,7,349.4,NN,1,-0.2805
上,225.6500654,225.8087839,7,3409.33,VV,1,-0.34385
什么样,225.8087839,226.1942433,7,88.03,VA,1,-0.5093
的,226.1942433,226.3472934,7,50155.13,DEG,0,
事儿,226.3472934,226.5862086,7,104,NN,1,-0.15185
都,226.8182086,226.899961,7,5294.71,AD,1,-0.45358
可能,226.899961,227.3251,7,1324.25,VV,1,-0.60038
看到,227.3251,227.7672446,7,798.38,VV,1,-0.43558
啊,228.4502086,228.5622086,7,3903.92,IJ,0,
这,229.0823413,229.4342086,7,8554.9,PN,0,
不,229.7172155,229.8135804,7,20543.44,AD,1,-0.41101
是,229.8135804,229.9439563,7,28253.52,VC,1,-0.46082
在,229.9439563,230.0800008,7,12811.05,P,0,
地球,230.0800008,230.408775,7,68.35,NN,1,-0.35155
上,230.408775,230.5561565,7,3409.33,VV,1,-0.56449
的,230.5561565,230.6468528,7,50155.13,DEG,0,
事儿,230.6468528,230.8395825,7,104,NN,1,-0.16035
小,231.3392446,231.5206372,7,1042.34,VA,1,-0.22258
王子,231.5206372,231.8380744,7,31.93,NN,1,-0.019183
说,231.8380744,232.1101633,7,6765.38,VV,1,-0.44441
狐狸,232.9717784,233.2155248,7,8.59,NN,1,-0.21987
感到,233.2155248,233.4479341,7,197.1,VV,1,-0.36049
十分,233.4479341,233.7370286,7,56.64,AD,1,-0.44377
蹊跷,233.7370286,234.1961787,7,3.4,VA,1,-0.1046
在,234.8889131,235.280041,7,12811.05,P,0,
另,235.3622086,235.5464615,7,267.48,AD,1,-0.17893
一,235.5464615,235.693843,7,6069.96,CD,0,
个,235.693843,235.7902078,7,5184,M,0,
星球,235.7902078,236.1756672,7,43.34,NN,1,-0.28635
上,236.1756672,236.3740654,7,3409.33,VV,1,-0.21926
是,236.8899007,237.1563212,7,28253.52,VC,1,-0.4498
的,237.1563212,237.3062086,7,50155.13,DEG,0,
在,237.9385769,238.1349777,7,12811.05,P,0,
那个,238.1349777,238.4070667,7,1234.61,DT,0,
星球,238.4070667,238.7641834,7,43.34,NN,1,-0.46628
上,238.7641834,238.9622086,7,3409.33,VV,1,-0.48858
有,239.3702086,239.5407707,7,8618.15,VE,1,-0.47789
猎人,239.5407707,239.9205615,7,10.28,NN,1,-0.17651
吗,239.9205615,240.0982086,7,7428.1,SP,0,
没有,240.8022086,241.2866749,7,3226.48,VE,1,-0.4511
这,241.9612288,242.0689306,7,8554.9,PN,0,
很,242.0689306,242.2470444,7,5979.28,AD,1,-0.39071
有,242.2470444,242.4681167,7,8618.15,VE,1,-0.64527
意思,242.4681167,242.8502086,7,573.5,NN,1,-0.2062
那么,243.2503725,243.7942086,7,1245.85,AD,1,-0.43643
有,244.1222086,244.3273913,7,8618.15,VE,1,-0.75514
鸡,244.3273913,244.6675025,7,87.37,NN,1,-0.11717
吗,244.6675025,244.8488952,7,7428.1,SP,0,
没有,245.5542086,246.1098297,7,3226.48,VE,1,-0.65446
没有,247.0582086,247.5496338,7,3226.48,VE,1,-0.75137
十全十美,247.5496338,248.5642989,7,1.04,VV,1,-0.081713
的,248.5642989,248.8193823,7,50155.13,DEG,0,
狐狸,249.6583233,249.9412112,7,8.59,NN,1,-0.16482
叹息,249.9412112,250.3039965,7,2.53,NN,1,-0.16418
的,250.3039965,250.4060299,7,50155.13,DEG,0,
说道,250.4060299,250.8481745,7,3.16,VV,1,-0.29649
可是,251.3753468,251.7622086,7,349.93,AD,1,-0.41587
狐狸,251.9932155,252.270973,7,8.59,NN,1,-0.34164
又,252.270973,252.401349,7,1060.05,AD,1,-0.17854
把,252.401349,252.5373934,7,3712.28,BA,0,
话题,252.5373934,252.837825,7,32.19,NN,1,-0.22832
拉,252.837825,252.9965436,7,245,VV,1,-0.067972
回来,252.9965436,253.3139807,7,668.42,VV,1,-0.40243
我,254.0502086,254.2437179,7,50147.83,PN,0,
的,254.2437179,254.3627568,7,50155.13,DEG,0,
生活,254.3627568,254.7782086,7,474.51,NN,1,-0.20535
很,254.7782086,255.0146366,7,5979.28,AD,1,-0.41754
单调,255.0146366,255.5928257,7,2.3,VA,1,-0.29919
我,256.2220314,256.4374352,7,50147.83,PN,0,
捕捉,256.4374352,256.7498297,7,4.56,VV,1,-0.26081
鸡,256.7498297,256.9782086,7,87.37,NN,1,-0.25417
而,257.4502086,257.6171133,7,1173.92,AD,1,-0.35096
人,257.6171133,257.8502086,7,5810.26,NN,1,-0.37181
又,258.0582086,258.1953023,7,1060.05,AD,1,-0.29953
捕捉,258.1953023,258.5524191,7,4.56,VV,1,-0.40973
我,258.5524191,258.8358451,7,50147.83,PN,0,
所有,259.3403434,259.8022086,7,827.18,DT,0,
的,259.8022086,259.8845213,7,50155.13,DEG,0,
鸡,259.8845213,260.0742086,7,87.37,NN,1,-0.39878
全,260.0742086,260.381278,7,229.32,VA,1,-0.14548
都,260.381278,260.534328,7,5294.71,AD,1,-0.43556
一样,260.534328,260.8007485,7,860.33,VA,1,-0.42776
所有,261.0444948,261.4186171,7,827.18,DT,0,
的,261.4186171,261.4923079,7,50155.13,DEG,0,
人,261.4923079,261.7303857,7,5810.26,NN,1,-0.55068
也,261.7303857,261.9004413,7,3928.9,AD,1,-0.53185
全,261.9004413,262.1952044,7,229.32,VA,1,-0.36616
都,262.1952044,262.3199118,7,5294.71,AD,1,-0.65162
一样,262.3199118,262.6260119,7,860.33,VA,1,-0.55513
因此,263.0502086,263.6102086,7,84.84,AD,1,-0.50457
我,264.0273558,264.1577318,7,50147.83,PN,0,
感到,264.1577318,264.4751689,7,197.1,VV,1,-0.28194
有些,264.4751689,264.7982745,7,264.98,DT,0,
厌烦,264.7982745,265.1667283,7,9.12,VV,1,-0.36622
了,265.1667283,265.3878006,7,28210.53,PU,0,
但是,266.2502086,266.5702086,7,1571.49,AD,1,-0.57883
如果,266.7862086,267.0195295,7,2277.94,CS,0,
你,267.0195295,267.2122591,7,39629.27,PN,0,
要是,267.2122591,267.4446685,7,81.05,CS,0,
驯服,267.4446685,267.886813,7,2.27,VA,1,-0.31262
了,267.886813,268.005852,7,28210.53,PU,0,
我,268.005852,268.2155872,7,50147.83,PN,0,
我,268.6662086,268.7937763,7,50147.83,PN,0,
的,268.7937763,268.8901411,7,50155.13,DEG,0,
生活,268.8901411,269.2662086,7,474.51,NN,1,-0.29389
就,269.5023413,269.6723969,7,8246.34,AD,1,-0.59002
一定,269.6723969,270.0238451,7,604.33,AD,1,-0.46551
会,270.0238451,270.142884,7,7927.17,VV,1,-0.38431
是,270.142884,270.27326,7,28253.52,VC,1,-0.43136
欢快,270.27326,270.7267416,7,3.28,VA,1,-0.19921
的,270.7267416,270.8741231,7,50155.13,DEG,0,
我,271.4837296,271.585763,7,50147.83,PN,0,
会,271.585763,271.738813,7,7927.17,VV,1,-0.59559
辨认,271.738813,272.0279076,7,6.23,VV,1,-0.29652
出,272.0279076,272.1979632,7,1275.36,VV,1,-0.26322
一,272.1979632,272.294328,7,6069.96,CD,0,
种,272.294328,272.4643836,7,468.48,VV,1,-0.20512
与众不同,272.4643836,273.0992579,7,19.47,VV,1,-0.41316
的,273.0992579,273.2069597,7,50155.13,DEG,0,
脚步,273.2069597,273.5017228,7,7.63,NN,1,-0.28502
声,273.5017228,273.6822086,7,128.63,NN,1,-0.10539
其他,273.9495359,274.408686,7,422.19,DT,0,
的,274.408686,274.5107194,7,50155.13,DEG,0,
脚步,274.5107194,274.8168194,7,7.63,NN,1,-0.37755
声,274.8168194,275.0342086,7,128.63,NN,1,-0.411
会,275.3062086,275.3932112,7,7927.17,VV,1,-0.48851
使,275.3932112,275.5349242,7,146.51,VV,1,-0.3273
我,275.5349242,275.6482946,7,50147.83,PN,0,
躲,275.6482946,275.9260521,7,78.46,VV,1,-0.15157
到,275.6482946,275.9260521,7,4159.42,VV,1,-0.29805
地下,275.9260521,276.2718319,7,26.17,NN,1,-0.1051
去,276.2718319,276.4532245,7,4860.53,VV,1,-0.41345
而,276.9862086,277.1504525,7,1173.92,AD,1,-0.40471
你,277.1504525,277.3062086,7,39629.27,PN,0,
的,277.3062086,277.4848952,7,50155.13,DEG,0,
脚步,277.4848952,277.7909952,7,7.63,NN,1,-0.51987
声,277.7909952,277.9782086,7,128.63,NN,1,-0.30466
就,278.3068306,278.4825547,7,8246.34,AD,1,-0.466
会,278.4825547,278.5803259,7,7927.17,VV,1,-0.57044
像,278.5803259,278.75605,7,1497.29,AD,1,-0.25492
音乐,278.75605,279.1074982,7,142.37,NN,1,-0.20911
一样,279.1074982,279.4582086,7,860.33,VA,1,-0.43961
让,279.6742086,279.8047262,7,3690.67,VV,1,-0.49396
我,279.8047262,279.9180966,7,50147.83,PN,0,
从,279.9180966,280.0938207,7,1410.37,P,0,
洞,280.0938207,280.2752134,7,47.13,NN,1,-0.035696
里,280.2752134,280.3942523,7,1886.22,NN,1,-0.27685
走,280.3942523,280.5473023,7,1945.3,VV,1,-0.30056
出来,280.5473023,280.9157561,7,624.15,VV,1,-0.40321
再,281.567636,281.6923434,7,1684.82,AD,1,-0.3953
说,281.6923434,281.8662086,7,6765.38,VV,1,-0.36221
你,282.1741676,282.3102121,7,39629.27,PN,0,
看,282.3102121,282.5652955,7,3056.83,VV,1,-0.47782
你,282.9855622,283.0989326,7,39629.27,PN,0,
看到,283.0989326,283.3596845,7,798.38,VV,1,-0.54806
那边,283.3596845,283.5864253,7,195.91,PN,0,
的,283.5864253,283.6771217,7,50155.13,DEG,0,
麦田,283.6771217,284.0172329,7,1.49,NN,1,-0.086543
没有,284.0172329,284.3702086,7,3226.48,VE,1,-0.37295
我,284.9382086,285.0829146,7,50147.83,PN,0,
不,285.0829146,285.2586388,7,20543.44,AD,1,-0.40017
吃,285.2586388,285.4116888,7,832.07,VV,1,-0.42815
面包,285.4116888,285.8084852,7,35.8,NN,1,-0.26134
麦子,286.2662086,286.6134114,7,0.42,NR,1,-0.0055361
对,286.6134114,286.6984392,7,3958.83,VA,1,-0.37478
我,286.6984392,286.8118096,7,50147.83,PN,0,
来,286.8118096,286.9818652,7,5519.32,VV,1,-0.30255
说,286.9818652,287.1632579,7,6765.38,VV,1,-0.45664
一点儿,287.1632579,287.5600543,7,28.05,AD,1,-0.26534
用,287.5600543,287.7301099,7,1563.08,VV,1,-0.44724
也,287.7301099,287.8944969,7,3928.9,AD,1,-0.43077
没有,287.8944969,288.1949285,7,3226.48,VE,1,-0.48653
我,289.0848862,289.1982566,7,50147.83,PN,0,
对,289.1982566,289.2889529,7,3958.83,VA,1,-0.60452
麦田,289.2889529,289.7056073,7,1.49,NN,1,0.0072053
无动于衷,289.7056073,290.5672224,7,3.07,VV,1,-0.32066
而,291.162417,291.3778207,7,1173.92,AD,1,-0.45797
这,291.3778207,291.6895893,7,8554.9,PN,0,
真,292.012695,292.2422086,7,3053.82,VA,1,-0.10425
使,292.2422086,292.449171,7,146.51,VV,1,-0.39813
人,292.449171,292.6362322,7,5810.26,NN,1,-0.35856
扫兴,292.6362322,293.2937805,7,4.98,VA,1,-0.096696
但是,294.0902086,294.4102086,7,1571.49,AD,1,-0.57877
你,294.6422086,294.8061633,7,39629.27,PN,0,
有,294.8061633,294.9782086,7,8618.15,VE,1,-0.48728
着,294.9782086,295.0895893,7,2983.65,VV,1,-0.37586
金黄,295.0895893,295.7131265,7,0.36,VA,1,-0.14466
色,295.0895893,295.7131265,7,25.13,NN,1,-0.1443
的,295.7131265,295.8038229,7,50155.13,DEG,0,
头发,295.8038229,296.2062878,7,117.9,NN,1,-0.41662
那么,296.7622086,297.1942086,7,1245.85,AD,1,-0.40448
一旦,297.4422086,297.7308798,7,87.1,CS,0,
你,297.7308798,297.8839298,7,39629.27,PN,0,
驯服,297.8839298,298.2807262,7,2.27,VA,1,-0.3153
了,298.2807262,298.3714225,7,28210.53,PU,0,
我,298.3714225,298.6718541,7,50147.83,PN,0,
这,299.0233023,299.1990265,7,8554.9,PN,0,
就,299.1990265,299.346408,7,8246.34,AD,1,-0.45689
会,299.346408,299.5051265,7,7927.17,VV,1,-0.38335
十分,299.5051265,299.8622433,7,56.64,AD,1,-0.43842
美妙,299.8622433,300.3724101,7,35.95,VA,1,-0.22105
麦子,300.9702086,301.4645705,7,0.42,NR,1,0.011772
是,301.6629687,301.8500299,7,28253.52,VC,1,-0.38771
金黄,301.8500299,302.5642634,7,0.36,VA,1,-0.32611
色,301.8500299,302.5642634,7,25.13,NN,1,-0.20991
的,302.5642634,302.7513246,7,50155.13,DEG,0,
它,303.1934691,303.3382086,7,1461.37,PN,0,
就,303.3382086,303.4598896,7,8246.34,AD,1,-0.57495
会,303.4598896,303.6182086,7,7927.17,VV,1,-0.54725
使,303.6182086,303.7943323,7,146.51,VV,1,-0.4056
我,303.7943323,303.9190397,7,50147.83,PN,0,
想起,303.9190397,304.3838584,7,55.71,VV,1,-0.17156
你,304.3838584,304.5992621,7,39629.27,PN,0,
而且,305.1862086,305.6342086,7,578.42,AD,1,-0.55642
我,305.9222086,306.0511911,7,50147.83,PN,0,
甚至,306.0511911,306.3516227,7,211.65,AD,1,-0.53364
会,306.3516227,306.4876672,7,7927.17,VV,1,-0.61977
喜欢,306.4876672,306.8617895,7,1375.58,VV,1,-0.31259
那,306.8617895,306.9638229,7,5666.37,PN,0,
风,306.9638229,307.2585859,7,54.37,NN,1,-0.16332
吹,307.2585859,307.5136693,7,55,VV,1,-0.25073
麦浪,307.5136693,307.8311064,7,0.21,NN,1,0.10691
的,307.8311064,308.0465102,7,50155.13,DEG,0,
声音,308.0465102,308.5056603,7,164.64,NN,1,-0.36353
狐狸,309.7365633,310.2467301,7,8.59,NN,1,-0.16687
沉默,310.3714375,310.6888746,7,21.28,VA,1,-0.327
不,310.6888746,311.1593618,7,20543.44,AD,1,-0.34381
语,310.6888746,311.1593618,7,56.4,NN,1,-0.12478
久久,311.7885675,312.0946676,7,0.45,AD,1,-0.2352
地,312.0946676,312.1853639,7,536.84,NN,1,-0.15545
看,312.1853639,312.4016206,7,3056.83,VV,1,-0.31976
着,312.4016206,312.4866484,7,2983.65,VV,1,-0.30627
小,312.4866484,312.6396984,7,1042.34,VA,1,-0.17037
王子,312.6396984,313.0591689,7,31.93,NN,1,-0.092142
请,313.8244191,314.0568284,7,912.11,VV,1,-0.22877
你,314.0568284,314.4309508,7,39629.27,PN,0,
驯服,314.6633601,315.1735269,7,2.27,VA,1,-0.32998
我,315.1735269,315.3265769,7,50147.83,PN,0,
吧,315.3265769,315.5363122,7,5785.52,SP,0,
他,316.3391595,316.4581984,7,11853.78,PN,0,
说,316.4581984,316.6822086,7,6765.38,VV,1,-0.44773
我,317.6032395,317.7846321,7,50147.83,PN,0,
是,317.7846321,317.9773618,7,28253.52,VC,1,-0.33851
很,317.9773618,318.1700915,7,5979.28,AD,1,-0.42993
愿意,318.1700915,318.447849,7,273.98,VV,1,-0.3336
的,318.447849,318.6342086,7,50155.13,DEG,0,
小,319.1669242,319.3199743,7,1042.34,VA,1,-0.42444
王子,319.3199743,319.6317429,7,31.93,NN,1,-0.27521
回答,319.6317429,319.8868263,7,121.32,VV,1,-0.36963
道,319.8868263,320.0852245,7,111.99,NN,1,-0.15699
可,320.7427728,320.9355025,7,1374.9,AD,1,-0.20793
我,320.9355025,321.071547,7,50147.83,PN,0,
的,321.071547,321.1565748,7,50155.13,DEG,0,
时间,321.1565748,321.4582086,7,915.24,NN,1,-0.20966
不,321.4582086,321.5703768,7,20543.44,AD,1,-0.47201
多,321.5703768,321.7744435,7,1568.12,VA,1,-0.31919
了,321.7744435,321.9542086,7,28210.53,PU,0,
我,322.5000945,322.5964593,7,50147.83,PN,0,
还,322.5964593,322.7551779,7,3884.93,AD,1,-0.38715
要,322.7551779,322.8685483,7,7114.18,VV,1,-0.52694
去,322.8685483,322.9932557,7,4860.53,VV,1,-0.37171
寻找,322.9932557,323.2993558,7,80.01,VV,1,-0.27489
朋友,323.2993558,323.7062086,7,775.55,NN,1,-0.22281
还,324.2630042,324.4103857,7,3884.93,AD,1,-0.55944
有,324.4103857,324.5067506,7,8618.15,VE,1,-0.46389
许多,324.5067506,324.8355248,7,60.04,CD,0,
事物,324.8355248,325.1699674,7,23.76,NN,1,-0.37525
要,325.1699674,325.2549952,7,7114.18,VV,1,-0.65804
了解,325.2549952,325.7302086,7,301.88,VV,1,-0.4391
只有,326.5320722,326.8381723,7,206.16,AD,1,-0.46629
被,326.8381723,326.9912224,7,1958.33,LB,0,
驯服,326.9912224,327.4050243,7,2.27,VA,1,-0.32768
了,327.4050243,327.4957206,7,28210.53,PU,0,
的,327.4957206,327.6034225,7,50155.13,DEG,0,
事物,327.6034225,327.9862086,7,23.76,NN,1,-0.52702
才,328.1816116,328.4182086,7,1094.48,AD,1,-0.28877
会,328.4182086,328.5500654,7,7927.17,VV,1,-0.44208
被,328.5500654,328.6861099,7,1958.33,LB,0,
了解,328.6861099,329.3096471,7,301.88,VV,1,-0.54606
狐狸,329.9275158,330.2523926,7,8.59,NN,1,-0.10027
说,330.2523926,330.5641612,7,6765.38,VV,1,-0.40511
人,331.5462086,331.7545504,7,5810.26,NN,1,-0.37176
不,331.7545504,331.9529486,7,20543.44,AD,1,-0.46135
会,331.9529486,332.1230042,7,7927.17,VV,1,-0.53526
再,332.1230042,332.2930598,7,1684.82,AD,1,-0.36087
有,332.2930598,332.3950932,7,8618.15,VE,1,-0.47235
时间,332.3950932,332.893923,7,915.24,NN,1,-0.34169
去,332.893923,333.1149952,7,4860.53,VV,1,-0.39744
了解,333.1149952,333.4324324,7,301.88,VV,1,-0.5164
任何,333.4324324,333.8178917,7,444.7,DT,0,
东西,333.8178917,334.1640917,7,1136.54,NN,1,-0.4187
的,334.1640917,334.2944677,7,50155.13,DEG,0,
他们,334.8613197,335.1277401,7,4187.02,PN,0,
总是,335.1277401,335.4111661,7,254.93,AD,1,-0.45732
到,335.4111661,335.5528791,7,4159.42,VV,1,-0.43308
商人,335.5528791,335.8759848,7,11.8,NN,1,-0.094141
那里,335.8759848,336.2331015,7,500.29,PN,0,
去,336.369146,336.5221961,7,4860.53,VV,1,-0.60989
购买,336.5221961,336.8112906,7,11,VV,1,-0.31853
现成,336.8112906,337.2420981,7,1.73,JJ,0,
的,337.2420981,337.3441315,7,50155.13,DEG,0,
东西,337.3441315,337.7239223,7,1136.54,NN,1,-0.48894
因为,338.1965775,338.4516609,7,1783.29,P,0,
世界,338.4516609,338.8144462,7,349.4,NN,1,-0.24958
上,338.8144462,339.0182086,7,3409.33,VV,1,-0.34045
还,339.2055741,339.3983038,7,3884.93,AD,1,-0.47312
没有,339.3983038,339.619376,7,3226.48,VE,1,-0.41785
购买,339.619376,339.9198076,7,11,VV,1,-0.46852
朋友,339.9198076,340.2902086,7,775.55,NN,1,-0.26808
的,340.2902086,340.3676207,7,50155.13,DEG,0,
商店,340.3676207,340.7984282,7,36.49,NN,1,-0.39169
所以,341.2562057,341.6530021,7,1103.36,AD,1,-0.48723
人,341.6530021,341.8570688,7,5810.26,NN,1,-0.35833
也,342.0327929,342.19718,7,3928.9,AD,1,-0.57155
就,342.19718,342.3105504,7,8246.34,AD,1,-0.5645
没有,342.3105504,342.6903413,7,3226.48,VE,1,-0.53563
朋友,342.6903413,343.1154803,7,775.55,NN,1,-0.41126
如果,343.8353823,344.0904657,7,2277.94,CS,0,
你,344.0904657,344.2435158,7,39629.27,PN,0,
想,344.2435158,344.4537852,7,6325.1,VV,1,-0.4523
要,344.4537852,344.5954982,7,7114.18,VV,1,-0.52886
一,344.5954982,344.7032001,7,6069.96,CD,0,
个,344.7032001,344.8052335,7,5184,M,0,
朋友,344.8052335,345.2662086,7,775.55,NN,1,-0.61567
那,345.7862086,346.1062086,7,5666.37,PN,0,
就,346.5171265,346.6701766,7,8246.34,AD,1,-0.64693
驯服,346.6701766,347.1236582,7,2.27,VA,1,-0.33438
我,347.1236582,347.2483656,7,50147.83,PN,0,
吧,347.2483656,347.4637694,7,5785.52,SP,0,
那么,348.2591779,349.0582086,7,1245.85,AD,1,-0.45841
应当,349.4552356,349.7782086,7,9.78,VV,1,-0.44445
做,349.7782086,349.9087172,7,3647.59,VV,1,-0.40678
些,349.9087172,350.0334247,7,634.52,CD,0,
什么,350.0334247,350.265834,7,7050.42,PN,0,
呢,350.265834,350.4415581,7,2287.93,SP,0,
小,350.974399,351.1557916,7,1042.34,VA,1,-0.16803
王子,351.1557916,351.4278806,7,31.93,NN,1,-0.10714
说,351.4278806,351.7283122,7,6765.38,VV,1,-0.46259
应当,352.2422086,352.801967,7,9.78,VV,1,-0.51722
非常,352.801967,353.2101005,7,804.14,AD,1,-0.41632
耐心,353.2101005,353.5782086,7,27.1,NN,1,-0.51415
狐狸,354.4345008,354.7388665,7,8.59,NN,1,-0.20703
回答,354.7388665,354.9996184,7,121.32,VV,1,-0.46999
道,354.9996184,355.2263592,7,111.99,NN,1,-0.17031
开始,355.6855094,356.2523614,7,957.66,VV,1,-0.18275
你,356.2523614,356.4662086,7,39629.27,PN,0,
就,356.4662086,356.6094781,7,8246.34,AD,1,-0.44554
这样,356.6094781,356.847556,7,1916.59,VA,1,-0.48163
坐,356.847556,357.0062745,7,423.41,VV,1,-0.24603
在,357.0062745,357.130982,7,12811.05,P,0,
草丛,357.130982,357.5617895,7,1.25,NN,1,-0.19112
中,357.5617895,357.7375136,7,1039.21,NR,1,-0.3501
坐,358.1399786,358.3043656,7,423.41,VV,1,-0.43116
得,358.3043656,358.3837249,7,3135.62,VV,1,-0.36244
离,358.3837249,358.5311064,7,181.48,P,0,
我,358.5311064,358.6444768,7,50147.83,PN,0,
稍微,358.6444768,358.9505769,7,28.14,AD,1,-0.40977
远,358.9505769,359.132139,7,195.85,VA,1,-0.22874
些,359.132139,359.4098964,7,634.52,CD,0,
我,359.9462086,360.1014559,7,50147.83,PN,0,
用,360.1014559,360.2318319,7,1563.08,VV,1,-0.42304
眼角,360.2318319,360.5542086,7,0.86,NN,1,-0.36477
瞅,360.5542086,360.7646727,7,1.49,NN,1,-0.069376
着,360.7646727,360.9800765,7,2983.65,VV,1,-0.36394
你,360.9800765,361.0822086,7,39629.27,PN,0,
你,361.4182086,361.5185859,7,39629.27,PN,0,
什么,361.5185859,361.8022086,7,7050.42,PN,0,
也,361.8022086,361.9097138,7,3928.9,AD,1,-0.38685
不,361.9097138,361.9947416,7,20543.44,AD,1,-0.44002
要,361.9947416,362.119449,7,7114.18,VV,1,-0.54679
说,362.119449,362.3062086,7,6765.38,VV,1,-0.41578
话语,362.8198631,363.4262086,7,3.96,NN,1,-0.47753
是,363.5907818,363.8231911,7,28253.52,VC,1,-0.46133
误会,363.8231911,364.202982,7,32.25,NN,1,-0.33621
的,364.202982,364.2993468,7,50155.13,DEG,0,
根源,364.2993468,364.7925081,7,3.04,NN,1,-0.37203
但是,365.4022086,365.7622086,7,1571.49,AD,1,-0.51641
每,366.1142086,366.2855761,7,302.68,DT,0,
天,366.2855761,366.6086817,7,1510.14,NN,1,-0.13003
你,366.9782086,367.101843,7,39629.27,PN,0,
坐,367.101843,367.2662301,7,423.41,VV,1,-0.21913
得,367.2662301,367.3625949,7,3135.62,VV,1,-0.3916
靠,367.3625949,367.538319,7,175.58,VV,1,-0.38514
我,367.538319,367.6913691,7,50147.83,PN,0,
更,367.6913691,367.9861321,7,961.44,AD,1,-0.36207
近,367.9861321,368.1448507,7,80.99,VA,1,-0.21116
些,368.1448507,368.4169396,7,634.52,CD,0,
第二,369.7962057,370.1193113,7,190.15,OD,0,
天,370.1193113,370.4262086,7,1510.14,NN,1,-0.35499
小,370.7995337,370.9922634,7,1042.34,VA,1,-0.15346
王子,370.9922634,371.4262086,7,31.93,NN,1,-0.020677
又,371.6328062,371.8141988,7,1060.05,AD,1,-0.36233
来,371.8141988,371.9955915,7,5519.32,VV,1,-0.31323
了,371.9955915,372.1542086,7,28210.53,PU,0,
最,372.8345324,373.0385992,7,1385.06,AD,1,-0.27513
好,373.0385992,373.2342086,7,9977.13,VA,1,-0.37406
还是,373.40005,373.7004816,7,596.13,AD,1,-0.46991
在,373.7004816,373.8762057,7,12811.05,P,0,
原来,373.8762057,374.1993113,7,88.83,AD,1,-0.40575
的,374.1993113,374.2900076,7,50155.13,DEG,0,
那个,374.2900076,374.5110799,7,1234.61,DT,0,
时间,374.5110799,374.805843,7,915.24,NN,1,-0.32502
来,374.805843,374.9702086,7,5519.32,VV,1,-0.52989
狐狸,375.5540876,375.8431822,7,8.59,NN,1,-0.17647
说道,375.8431822,376.1776248,7,3.16,VV,1,-0.16559
比如,376.8090556,377.1605038,7,93.01,AD,1,-0.34219
说,377.1605038,377.4742086,7,6765.38,VV,1,-0.42434
你,377.7302086,377.8747373,7,39629.27,PN,0,
下午,377.8747373,378.2261856,7,87.28,NT,1,-0.1133
四点,378.2261856,378.8100431,7,7.21,NT,1,-0.2626
钟,378.2261856,378.8100431,7,74.2,NN,1,-0.1212
来,378.8100431,379.0027728,7,5519.32,VV,1,-0.5118
那么,379.4182086,379.62631,7,1245.85,AD,1,-0.39757
从,379.62631,379.7963656,7,1410.37,P,0,
三点,379.7963656,380.3688862,7,10.67,NT,1,-0.40127
钟,379.7963656,380.3688862,7,74.2,NN,1,-0.35898
起,380.3688862,380.5942086,7,603.07,VV,1,-0.098223
我,380.8669687,380.9916762,7,50147.83,PN,0,
就,380.9916762,381.1333892,7,8246.34,AD,1,-0.43456
开始,381.1333892,381.4502086,7,957.66,VV,1,-0.36341
感到,381.4502086,381.7512579,7,197.1,VV,1,-0.19228
幸福,381.7512579,382.2500876,7,64.12,VA,1,-0.20785
时间,382.77726,383.2987638,7,915.24,NN,1,-0.36464
越,383.2987638,383.5084991,7,132.86,AD,1,-0.2439
接近,383.5084991,384.0182086,7,62.84,VV,1,-0.25529
我,384.3622086,384.4797429,7,50147.83,PN,0,
就,384.4797429,384.6781411,7,8246.34,AD,1,-0.63153
越,384.6781411,384.8878763,7,132.86,AD,1,-0.37865
感到,384.8878763,385.1542968,7,197.1,VV,1,-0.44702
幸福,385.1542968,385.5862086,7,64.12,VA,1,-0.30894
到,386.0742086,386.1802989,7,4159.42,VV,1,-0.38986
了,386.1802989,386.2880008,7,28210.53,PU,0,
四点,386.2880008,386.8151732,7,7.21,NT,1,-0.17936
钟,386.2880008,386.8151732,7,74.2,NN,1,-0.075311
的,386.8151732,386.8831954,7,50155.13,DEG,0,
时候,386.8831954,387.2662086,7,1555.33,NN,1,-0.45109
我,387.4742086,387.6049798,7,50147.83,PN,0,
就,387.6049798,387.7523614,7,8246.34,AD,1,-0.61961
会,387.7523614,387.8714003,7,7927.17,VV,1,-0.4063
坐立不安,387.8714003,388.7443524,7,1.46,VV,1,-0.16349
我,389.2822086,389.4102086,7,50147.83,PN,0,
就,389.4102086,389.5379452,7,8246.34,AD,1,-0.63695
会,389.5379452,389.6739897,7,7927.17,VV,1,-0.55162
发现,389.6739897,390.0422086,7,589.45,VV,1,-0.20231
幸福,390.1954935,390.5922899,7,64.12,VA,1,-0.19135
的,390.5922899,390.6999918,7,50155.13,DEG,0,
代价,390.6999918,391.1550132,7,45.31,NN,1,-0.26021
但是,392.0109597,392.5622086,7,1571.49,AD,1,-0.50122
如果,392.8582086,393.1163212,7,2277.94,CS,0,
你,393.1163212,393.2410286,7,39629.27,PN,0,
随便,393.2410286,393.7115158,7,118.37,VA,1,-0.42132
什么,393.7115158,393.932588,7,7050.42,PN,0,
时候,393.932588,394.2518631,7,1555.33,NN,1,-0.52833
来,394.2518631,394.4332557,7,5519.32,VV,1,-0.34942
我,394.8822086,394.9831022,7,50147.83,PN,0,
就,394.9831022,395.1304837,7,8246.34,AD,1,-0.67674
不,395.1304837,395.3402189,7,20543.44,AD,1,-0.42139
知道,395.3402189,395.6123079,7,5864.84,VV,1,-0.43461
在,395.6123079,395.7426839,7,12811.05,P,0,
什么,395.7426839,395.9750932,7,7050.42,PN,0,
时候,395.9750932,396.3062086,7,1555.33,NN,1,-0.63176
该,396.496597,396.6326415,7,1018.56,DT,0,
准备,396.6326415,396.9954268,7,661.83,VV,1,-0.37366
好,396.9954268,397.1371398,7,9977.13,VA,1,-0.37786
我,397.1371398,397.2391732,7,50147.83,PN,0,
的,397.2391732,397.324201,7,50155.13,DEG,0,
心情,397.324201,397.7946881,7,47.84,NN,1,-0.43381
应当,398.1862086,398.5142086,7,9.78,VV,1,-0.42903
有,398.6982086,398.8525032,7,8618.15,VE,1,-0.37211
一定,398.8525032,399.1702086,7,604.33,AD,1,-0.51807
的,399.1702086,399.2719737,7,50155.13,DEG,0,
仪式,399.2719737,399.7197868,7,31.51,NN,1,-0.23887
仪式,400.7514574,401.5222086,7,31.51,NN,1,-0.40457
是,402.0328597,402.2369264,7,28253.52,VC,1,-0.44273
什么,402.2369264,402.7584302,7,7050.42,PN,0,
小,403.3252822,403.540686,7,1042.34,VA,1,-0.20656
王子,403.540686,403.8502086,7,31.93,NN,1,-0.0039155
问道,403.8502086,404.1642232,7,0.78,VV,1,-0.18822
这,404.6685038,404.8612335,7,8554.9,PN,0,
也,404.8612335,404.9689354,7,3928.9,AD,1,-0.40472
是,404.9689354,405.2523614,7,28253.52,VC,1,-0.58948
一,405.2523614,405.3827373,7,6069.96,CD,0,
种,405.3827373,405.5981411,7,468.48,VV,1,-0.18601
早已,405.7965393,406.1706616,7,6.98,NR,1,-0.26533
被,406.1706616,406.3520543,7,1958.33,LB,0,
人,406.3520543,406.4824302,7,5810.26,NN,1,-0.36681
忘却,406.4824302,406.8792266,7,3.64,VV,1,-0.075988
了,406.8792266,406.9982656,7,28210.53,PU,0,
的,406.9982656,407.0946304,7,50155.13,DEG,0,
事儿,407.0946304,407.3723879,7,104,NN,1,-0.11922
狐狸,408.1618742,408.5246595,7,8.59,NN,1,-0.2402
说,408.5246595,408.7910799,7,6765.38,VV,1,-0.42421
它,409.5336561,409.6867061,7,1461.37,PN,0,
就是,409.6867061,410.0041432,7,838.75,AD,1,-0.49655
使,410.0041432,410.1685303,7,146.51,VV,1,-0.30696
某,410.1685303,410.3442544,7,74.88,DT,0,
一,410.3442544,410.5256471,7,6069.96,CD,0,
天,410.5256471,410.8827638,7,1510.14,NN,1,-0.16902
与,410.8827638,411.0902086,7,408.39,P,0,
其他,411.0902086,411.4099362,7,422.19,DT,0,
日子,411.4099362,411.6988798,7,93.48,NN,1,-0.30271
不同,411.6988798,412.2487262,7,151.64,VA,1,-0.19132
使,412.8212467,413.0139764,7,146.51,VV,1,-0.43304
某,413.0139764,413.172695,7,74.88,DT,0,
一,413.172695,413.2860654,7,6069.96,CD,0,
时刻,413.2860654,413.8019007,7,70.44,NN,1,-0.32316
与,414.0059674,414.1462086,7,408.39,P,0,
其他,414.1462086,414.4662086,7,422.19,DT,0,
时刻,414.4662086,414.742875,7,70.44,NN,1,-0.50088
不同,414.742875,415.1113289,7,151.64,VA,1,-0.38076
比如,415.6422086,415.8760383,7,93.01,AD,1,-0.40217
说,415.8760383,416.0902086,7,6765.38,VV,1,-0.27399
我,416.4102086,416.5449236,7,50147.83,PN,0,
的,416.5449236,416.6186144,7,50155.13,DEG,0,
那些,416.6186144,416.9133774,7,788.46,DT,0,
猎人,416.9133774,417.344185,7,10.28,NN,1,-0.097672
就,417.5992684,417.780661,7,8246.34,AD,1,-0.46498
有,417.780661,417.8883629,7,8618.15,VE,1,-0.43303
一,417.8883629,417.9960648,7,6069.96,CD,0,
种,417.9960648,418.1434463,7,468.48,VV,1,-0.29497
仪式,418.1434463,418.5392446,7,31.51,NN,1,-0.25599
他们,418.9020299,419.1457763,7,4187.02,PN,0,
每,419.1457763,419.3158319,7,302.68,DT,0,
星期四,419.3158319,419.9782086,7,8.17,NT,1,-0.08408
都,420.2182086,420.3702086,7,5294.71,AD,1,-0.50274
和,420.3702086,420.5459007,7,4483.86,P,0,
村子,420.5459007,420.8463323,7,13.47,NN,1,-0.27056
里,420.8463323,420.9653712,7,1886.22,NN,1,-0.29343
的,420.9653712,421.0730731,7,50155.13,DEG,0,
姑娘,421.0730731,421.4902086,7,112.23,NN,1,-0.11341
们,421.0730731,421.4902086,7,1191.12,NN,1,-0.40529
跳舞,421.4902086,422.1062086,7,103.11,VV,1,-0.32537
于是,422.6262086,422.9462086,7,58.13,AD,1,-0.29193
星期四,423.1673468,423.8419007,7,8.17,NT,1,-0.20964
就,423.8419007,423.9779452,7,8246.34,AD,1,-0.45056
是,423.9779452,424.1139897,7,28253.52,VC,1,-0.27884
一,424.1139897,424.193349,7,6069.96,CD,0,
个,424.193349,424.2783768,7,5184,M,0,
美好,424.2783768,424.6978472,7,66.68,VA,1,-0.24158
的,424.6978472,424.7885436,7,50155.13,DEG,0,
日子,424.7885436,425.1229863,7,93.48,NN,1,-0.48017
我,425.7542086,425.8698447,7,50147.83,PN,0,
可以,425.8698447,426.1759448,7,2360.84,VV,1,-0.33503
一直,426.1759448,426.4933819,7,731.85,AD,1,-0.32622
散步,426.4933819,426.7768079,7,17.77,VV,1,-0.33128
到,426.7768079,426.9071839,7,4159.42,VV,1,-0.36152
葡萄园,426.9071839,427.3833396,7,2.41,NN,1,-0.19412
去,427.3833396,427.5782086,7,4860.53,VV,1,-0.43409
如果,428.0342086,428.2859721,7,2277.94,CS,0,
猎人,428.2859721,428.7621278,7,10.28,NN,1,-0.1352
们,428.2859721,428.7621278,7,1191.12,NN,1,-0.44466
什么,428.7621278,429.0965705,7,7050.42,PN,0,
时候,429.0965705,429.4026706,7,1555.33,NN,1,-0.4843
都,429.4026706,429.5217095,7,5294.71,AD,1,-0.43655
跳舞,429.5217095,429.9015004,7,103.11,VV,1,-0.35258
天天,430.0432134,430.4286727,7,10.34,NR,1,-0.29196
又,430.4286727,430.5477117,7,1060.05,AD,1,-0.3001
全,430.5477117,430.7744525,7,229.32,VA,1,-0.10835
都,430.7744525,430.9048284,7,5294.71,AD,1,-0.63403
一样,430.9048284,431.2789508,7,860.33,VA,1,-0.45127
那么,431.7382086,432.1382086,7,1245.85,AD,1,-0.41604
我,432.4022086,432.5421723,7,50147.83,PN,0,
也,432.5421723,432.6555427,7,3928.9,AD,1,-0.5912
就,432.6555427,432.8369354,7,8246.34,AD,1,-0.62527
没有,432.8369354,433.160041,7,3226.48,VE,1,-0.3939
假日,433.160041,433.5511689,7,4.92,NN,1,-0.20238
了,433.5511689,433.715556,7,28210.53,PU,0,
就,434.5828395,434.7415581,7,8246.34,AD,1,-0.69987
这样,434.7415581,435.1950397,7,1916.59,VA,1,-0.52992
小,435.5294824,435.7360055,7,1042.34,VA,1,-0.19501
王子,435.7360055,436.1622086,7,31.93,NN,1,-0.031374
驯服,436.1622086,436.5749465,7,2.27,VA,1,-0.33117
了,436.5749465,436.6769798,7,28210.53,PU,0,
狐狸,436.6769798,437.0422086,7,8.59,NN,1,-0.17891
当,437.6822086,437.7710042,7,882.92,P,0,
离别,437.7710042,438.1054469,7,1.55,NN,1,-0.23105
的,438.1054469,438.1848062,7,50155.13,DEG,0,
时刻,438.1848062,438.6666304,7,70.44,NN,1,-0.26193
就,439.120112,439.2448194,7,8246.34,AD,1,-0.57006
快,439.2448194,439.4116629,7,1595.1,VA,1,-0.30424
要,439.4116629,439.5477074,7,7114.18,VV,1,-0.42962
来到,439.5477074,439.8764816,7,99.59,VV,1,-0.20449
时,439.8764816,440.1142086,7,699.69,NN,1,-0.40802
啊,440.6582086,440.9875115,7,3903.92,IJ,0,
狐狸,441.5203524,441.9142086,7,8.59,NN,1,-0.34106
说,441.9142086,442.1949063,7,6765.38,VV,1,-0.3531
我,442.9302086,443.0411,7,50147.83,PN,0,
一定,443.0411,443.4265594,7,604.33,AD,1,-0.38433
会,443.4265594,443.6249576,7,7927.17,VV,1,-0.39549
哭,443.6249576,444.010417,7,113.66,VV,1,-0.25254
的,444.010417,444.2088152,7,50155.13,DEG,0,
这,445.2801655,445.4105414,7,8554.9,PN,0,
是,445.4105414,445.5465859,7,28253.52,VC,1,-0.36456
你,445.5465859,445.7676582,7,39629.27,PN,0,
的,445.7676582,445.8980342,7,50155.13,DEG,0,
过错,445.8980342,446.3911954,7,8.29,NN,1,-0.41277
小,446.8455761,447.0666484,7,1042.34,VA,1,-0.23019
王子,447.0666484,447.3274003,7,31.93,NN,1,-0.072908
说,447.3274003,447.6164948,7,6765.38,VV,1,-0.58313
我,448.1862086,448.3137228,7,50147.83,PN,0,
本来,448.3137228,448.5801432,7,131.61,AD,1,-0.37515
并,448.5801432,448.7672044,7,578.12,AD,1,-0.26789
不,448.7672044,448.8295581,7,20543.44,AD,1,-0.45242
想,448.8295581,448.9939452,7,6325.1,VV,1,-0.48129
给,448.9939452,449.09031,7,3494.19,VV,1,-0.40418
你,449.09031,449.2263545,7,39629.27,PN,0,
任何,449.2263545,449.5267861,7,444.7,DT,0,
痛苦,449.5267861,450.0086103,7,108.74,VA,1,-0.40009
可,450.4935538,450.669278,7,1374.9,AD,1,-0.21837
你,450.669278,450.975378,7,39629.27,PN,0,
却,451.2588041,451.4345282,7,397.84,AD,1,-0.53058
要,451.4345282,451.5592356,7,7114.18,VV,1,-0.61067
我,451.5592356,451.6385949,7,50147.83,PN,0,
驯服,451.6385949,452.0920765,7,2.27,VA,1,-0.28869
你,452.0920765,452.2742086,7,39629.27,PN,0,
是,452.8856693,453.231449,7,28253.52,VC,1,-0.40664
这样,453.231449,453.5432176,7,1916.59,VA,1,-0.53205
的,453.5432176,453.8833289,7,50155.13,DEG,0,
狐狸,454.4042808,454.7702086,7,8.59,NN,1,-0.13359
说,454.7702086,455.0504921,7,6765.38,VV,1,-0.41013
你,455.8667589,456.2012016,7,39629.27,PN,0,
可,456.5696554,456.7056999,7,1374.9,AD,1,-0.45808
就,456.7056999,456.8304074,7,8246.34,AD,1,-0.50028
要,456.8304074,456.9777889,7,7114.18,VV,1,-0.67891
哭,456.9777889,457.2611223,7,113.66,VV,1,-0.21571
了,457.2611223,457.4822086,7,28210.53,PU,0,
小,458.1340744,458.3268041,7,1042.34,VA,1,-0.19622
王子,458.3268041,458.6612467,7,31.93,NN,1,-0.043144
说,458.6612467,458.9219987,7,6765.38,VV,1,-0.58403
当然,459.5302086,459.9366638,7,784.37,AD,1,-0.57128
啰,459.9366638,460.2502086,7,18.36,NN,1,-0.18947
狐狸,460.7415936,461.2104704,7,8.59,NN,1,-0.22991
说,461.2104704,461.4825594,7,6765.38,VV,1,-0.57544
那么,462.3222086,462.7622086,7,1245.85,AD,1,-0.48931
你,463.2422086,463.3361655,7,39629.27,PN,0,
什么,463.3361655,463.5782086,7,7050.42,PN,0,
好处,463.5782086,463.9256916,7,52.94,NN,1,-0.40222
也,463.9256916,464.0107194,7,3928.9,AD,1,-0.39664
没,464.0107194,464.180775,7,4754.83,AD,1,-0.35469
得到,464.180775,464.6115825,7,333.51,VV,1,-0.2679
由于,465.4582086,465.794917,7,44.83,P,0,
麦子,465.794917,466.1973819,7,0.42,NR,1,-0.019328
颜色,466.1973819,466.5885098,7,50.77,NN,1,-0.24943
的,466.5885098,466.7358913,7,50155.13,DEG,0,
缘故,466.7358913,467.3027433,7,7.27,NN,1,-0.33175
我,467.6995397,467.8355842,7,50147.83,PN,0,
还是,467.8355842,468.1726462,7,596.13,AD,1,-0.53471
得到,468.1726462,468.5070889,7,333.51,VV,1,-0.50118
了,468.5070889,468.6374649,7,28210.53,PU,0,
好处,468.6374649,469.107952,7,52.94,NN,1,-0.62021
狐狸,469.6577985,470.0545949,7,8.59,NN,1,-0.091971
说,470.0545949,470.3380209,7,6765.38,VV,1,-0.387
然后,470.9382086,471.3062086,7,886.89,AD,1,-0.24242
它,471.5624212,471.7041342,7,1461.37,PN,0,
又,471.7041342,471.9025324,7,1060.05,AD,1,-0.34776
接着,471.9025324,472.1746214,7,64.06,AD,1,-0.38476
说,472.1746214,472.4022086,7,6765.38,VV,1,-0.55771
再,473.0477429,473.2822086,7,1684.82,AD,1,-0.43905
去,473.2822086,473.4218652,7,4860.53,VV,1,-0.46224
看看,473.4218652,473.7563079,7,724.93,VV,1,-0.46063
那些,473.7563079,474.0964191,7,788.46,DT,0,
玫瑰花,474.0964191,474.9070175,7,1.97,NN,1,-0.17253
吧,474.9070175,475.1621009,7,5785.52,SP,0,
你,475.6182086,475.8196492,7,39629.27,PN,0,
一定,475.8196492,476.1490333,7,604.33,AD,1,-0.31956
会,476.1490333,476.2907463,7,7927.17,VV,1,-0.35289
明白,476.2907463,476.6932112,7,737.6,VA,1,-0.36035
你,477.4022086,477.605843,7,39629.27,PN,0,
的,477.605843,477.7758986,7,50155.13,DEG,0,
那,477.7758986,477.9402857,7,5666.37,PN,0,
朵,477.9402857,478.1542086,7,11.57,M,0,
是,478.4901321,478.6658562,7,28253.52,VC,1,-0.3148
世界,478.6658562,478.9889619,7,349.4,NN,1,-0.25725
上,478.9889619,479.1873601,7,3409.33,VV,1,-0.39249
独一无二,479.1873601,480.014964,7,10.43,VV,1,-0.29905
的,480.014964,480.1249131,7,50155.13,DEG,0,
玫瑰,480.1249131,480.6124058,7,17.53,NN,1,-0.14175
你,481.1062086,481.2756227,7,39629.27,PN,0,
回来,481.2756227,481.5703857,7,668.42,VV,1,-0.26172
和,481.5703857,481.7064302,7,4483.86,P,0,
我,481.7064302,481.8481432,7,50147.83,PN,0,
告别,481.8481432,482.2789508,7,14.37,VV,1,-0.25767
时,482.2789508,482.5622086,7,699.69,NN,1,-0.35119
我,483.0902086,483.2102086,7,50147.83,PN,0,
再,483.2102086,483.4126548,7,1684.82,AD,1,-0.36405
赠送,483.4126548,483.7848242,7,2.86,VV,1,-0.14581
给,483.7848242,483.9945594,7,3494.19,VV,1,-0.42521
你,483.9945594,484.1589465,7,39629.27,PN,0,
一,484.3573447,484.5047262,7,6069.96,CD,0,
个,484.5047262,484.6691133,7,5184,M,0,
秘密,484.6691133,485.0715782,7,149.08,VA,1,-0.31575
于是,486.2502086,486.4773712,7,58.13,AD,1,-0.41808
小,486.4773712,486.6360898,7,1042.34,VA,1,-0.19585
王子,486.6360898,487.0502086,7,31.93,NN,1,-0.15807
又,487.3098742,487.5222086,7,1060.05,AD,1,-0.39959
去,487.5222086,487.678328,7,4860.53,VV,1,-0.4638
看,487.678328,487.831378,7,3056.83,VV,1,-0.28901
那些,487.831378,488.0524503,7,788.46,DT,0,
玫瑰,488.0524503,488.4775893,7,17.53,NN,1,-0.16208
你们,489.6262086,490.0022086,7,3366.85,PN,0,
一点儿,490.2822086,490.6752001,7,28.05,AD,1,-0.11852
也,490.6752001,490.8055761,7,3928.9,AD,1,-0.43353
不,490.8055761,490.8792668,7,20543.44,AD,1,-0.31739
像,490.8792668,491.1173447,7,1497.29,AD,1,-0.29232
我,491.1173447,491.2420521,7,50147.83,PN,0,
的,491.2420521,491.3837651,7,50155.13,DEG,0,
那,491.3837651,491.5028041,7,5666.37,PN,0,
朵,491.5028041,491.6048374,7,11.57,M,0,
玫瑰,491.6048374,491.9676227,7,17.53,NN,1,-0.32649
你们,492.5462086,492.7045303,7,3366.85,PN,0,
还,492.7045303,492.8065637,7,3884.93,AD,1,-0.4994
什么,492.8065637,493.0742086,7,7050.42,PN,0,
都,493.0742086,493.1750175,7,5294.71,AD,1,-0.49349
不,493.1750175,493.2827194,7,20543.44,AD,1,-0.5622
是,493.2827194,493.4357694,7,28253.52,VC,1,-0.372
呢,493.4357694,493.6228306,7,2287.93,SP,0,
小,494.5388575,494.7485928,7,1042.34,VA,1,-0.23826
王子,494.7485928,495.2077429,7,31.93,NN,1,-0.048206
对,495.2077429,495.3324503,7,3958.83,VA,1,-0.46563
她们,495.3324503,495.5705282,7,265.66,PN,0,
说,495.5705282,495.8182086,7,6765.38,VV,1,-0.40392
没有,496.5622086,496.8289396,7,3226.48,VE,1,-0.53204
人,496.8289396,496.94231,7,5810.26,NN,1,-0.39793
驯服,496.94231,497.3277694,7,2.27,VA,1,-0.29364
过,497.3277694,497.4411398,7,3350.21,VV,1,-0.394
你们,497.4411398,497.7462086,7,3366.85,PN,0,
你们,498.1942086,498.5382086,7,3366.85,PN,0,
也,498.7067596,498.8711467,7,3928.9,AD,1,-0.44731
没有,498.8711467,499.0582078,7,3226.48,VE,1,-0.61361
驯服,499.0582078,499.3699764,7,2.27,VA,1,-0.33777
过,499.3699764,499.5116894,7,3350.21,VV,1,-0.54866
任何,499.5116894,499.8461321,7,444.7,DT,0,
人,499.8461321,500.0102086,7,5810.26,NN,1,-0.50215
你们,500.5942086,500.7782086,7,3366.85,PN,0,
就,500.7782086,500.8948083,7,8246.34,AD,1,-0.51987
像,500.8948083,501.0251843,7,1497.29,AD,1,-0.31175
我,501.0251843,501.1498917,7,50147.83,PN,0,
的,501.1498917,501.2349195,7,50155.13,DEG,0,
狐狸,501.2349195,501.5232446,7,8.59,NN,1,-0.1813
过去,501.5232446,501.9143725,7,401.98,NT,1,-0.45442
那样,501.9143725,502.2342086,7,521.51,VA,1,-0.52798
它,502.8326727,502.9687172,7,1461.37,PN,0,
那时,502.9687172,503.4742086,7,104.15,NT,1,-0.48416
只是,503.8586749,504.1142086,7,632.35,AD,1,-0.54706
和,504.1142086,504.2611398,7,4483.86,P,0,
千万,504.2611398,504.6902086,7,46.74,CD,0,
只,504.6902086,504.8112224,7,2167.08,AD,1,-0.4661
别的,504.8112224,505.1116539,7,185.12,DT,0,
狐狸,505.1116539,505.4234225,7,8.59,NN,1,-0.32769
一样,505.4234225,505.7068485,7,860.33,VA,1,-0.58204
的,505.7068485,505.8088819,7,50155.13,DEG,0,
一,505.8088819,505.9335893,7,6069.96,CD,0,
只,505.9335893,506.0582968,7,2167.08,AD,1,-0.59256
狐狸,506.0582968,506.4022086,7,8.59,NN,1,-0.48592
但是,507.0276137,507.4102086,7,1571.49,AD,1,-0.49581
我,507.8902086,507.9855936,7,50147.83,PN,0,
现在,507.9855936,508.2968686,7,2626.8,NT,1,-0.47467
已经,508.2968686,508.5122724,7,1543.29,AD,1,-0.47359
把,508.5122724,508.6199743,7,3712.28,BA,0,
它,508.6199743,508.7446817,7,1461.37,PN,0,
当成,508.7446817,509.0621189,7,31.39,VV,1,-0.2902
了,509.0621189,509.1414781,7,28210.53,PU,0,
我,509.1414781,509.2661856,7,50147.83,PN,0,
的,509.2661856,509.3398763,7,50155.13,DEG,0,
朋友,509.3398763,509.804695,7,775.55,NN,1,-0.28865
于是,510.3702086,510.7382086,7,58.13,AD,1,-0.34003
它,511.0347638,511.1481342,7,1461.37,PN,0,
现在,511.1481342,511.4372288,7,2626.8,NT,1,-0.5364
就,511.4372288,511.5562677,7,8246.34,AD,1,-0.58527
是,511.5562677,511.6696381,7,28253.52,VC,1,-0.4139
世界,511.6696381,511.9606595,7,349.4,NN,1,-0.29269
上,511.9606595,512.1363836,7,3409.33,VV,1,-0.39621
独一无二,512.38013,513.1340431,7,10.43,VV,1,-0.31019
的,513.1340431,513.2360765,7,50155.13,DEG,0,
了,513.2360765,513.4514803,7,28210.53,PU,0,
这时,514.5284991,515.0422086,7,10.43,AD,1,-0.47887
那些,515.6422086,515.8981633,7,788.46,DT,0,
玫瑰花,515.8981633,516.4706839,7,1.97,NN,1,-0.12832
显得,516.4706839,516.7654469,7,22.89,VV,1,-0.2681
十分,516.7654469,517.071547,7,56.64,AD,1,-0.40284
难堪,517.071547,517.4902086,7,16.99,NN,1,-0.34209
你们,518.3782086,518.6342086,7,3366.85,PN,0,
很,518.6342086,518.8533669,7,5979.28,AD,1,-0.59312
美,518.8533669,519.2502086,7,214.63,VA,1,-0.092625
但,519.8262086,519.9757339,7,2034.22,AD,1,-0.46181
你们,519.9757339,520.3462086,7,3366.85,PN,0,
是,520.6106082,520.7806638,7,28253.52,VC,1,-0.4567
空虚,520.7806638,521.3135046,7,5.75,VA,1,-0.33631
的,521.3135046,521.5062343,7,50155.13,DEG,0,
小,522.4084632,522.5728503,7,1042.34,VA,1,-0.18634
王子,522.5728503,522.8789504,7,31.93,NN,1,-0.019274
继续,522.8789504,523.2474042,7,394.11,VV,1,-0.22869
说,523.2474042,523.4798135,7,6765.38,VV,1,-0.36713
没有,524.2620693,524.607849,7,3226.48,VE,1,-0.47028
人,524.607849,524.8345898,7,5810.26,NN,1,-0.35789
能,525.1679076,525.2869465,7,4967.91,VV,1,-0.4052
为,525.2869465,525.4116539,7,1358.26,P,0,
你们,525.4116539,525.6100521,7,3366.85,PN,0,
去,525.6100521,525.7801077,7,4860.53,VV,1,-0.39399
死,525.7801077,526.1542086,7,1313.28,VV,1,-0.23256
当然,526.9988395,527.3446193,7,784.37,AD,1,-0.43729
我,527.820775,527.985162,7,50147.83,PN,0,
的,527.985162,528.0928639,7,50155.13,DEG,0,
那,528.0928639,528.268588,7,5666.37,PN,0,
朵,528.268588,528.3422788,7,11.57,M,0,
玫瑰花,528.3422788,528.8396762,7,1.97,NN,1,-0.1217
一,529.3271689,529.4348708,7,6069.96,CD,0,
个,529.4348708,529.5312356,7,5184,M,0,
普通,529.5312356,529.9110265,7,52.61,VA,1,-0.21814
的,529.9110265,529.9847172,7,50155.13,DEG,0,
过路人,529.9847172,530.4822086,7,0.39,NN,1,-0.039536
以为,530.8262086,530.9993823,7,494.3,VV,1,-0.40192
她,530.9993823,531.1524324,7,6600.39,PN,0,
和,531.1524324,531.2658028,7,4483.86,P,0,
你们,531.2658028,531.5378917,7,3366.85,PN,0,
一样,531.5378917,531.8666659,7,860.33,VA,1,-0.46649
可是,532.6386456,533.0342086,7,349.93,AD,1,-0.48265
她,533.4095643,533.5286033,7,6600.39,PN,0,
单独,533.5286033,533.9310682,7,51.63,AD,1,-0.24005
一,533.9310682,534.0331015,7,6069.96,CD,0,
朵,534.0331015,534.2182086,7,11.57,M,0,
就,534.4639091,534.6112906,7,8246.34,AD,1,-0.54092
比,534.6112906,534.7189925,7,637.06,P,0,
你们,534.7189925,534.9287277,7,3366.85,PN,0,
全体,534.9287277,535.3255241,7,16.22,DT,0,
更,535.3255241,535.5542835,7,961.44,AD,1,-0.37973
重要,535.5542835,535.9142086,7,348.08,VA,1,-0.24133
因为,536.5859542,536.8013579,7,1783.29,P,0,
她,536.8013579,536.9714135,7,6600.39,PN,0,
是,536.9714135,537.1358006,7,28253.52,VC,1,-0.43264
我,537.1358006,537.2831822,7,50147.83,PN,0,
浇灌,537.2831822,537.7423323,7,0.6,VV,1,-0.16532
的,537.7423323,537.9123879,7,50155.13,DEG,0,
因为,538.4452288,538.8332557,7,1783.29,P,0,
她,539.1336873,539.2810688,7,6600.39,PN,0,
是,539.2810688,539.4171133,7,28253.52,VC,1,-0.59956
我,539.4171133,539.5701633,7,50147.83,PN,0,
放,539.5701633,539.751556,7,569.33,VV,1,-0.22307
在,539.751556,539.8535893,7,12811.05,P,0,
花,539.8535893,540.188032,7,266.7,VV,1,-0.078546
罩,539.8535893,540.188032,7,11.63,VV,1,-0.27237
中,540.188032,540.3580876,7,1039.21,NR,1,-0.47714
的,540.3580876,540.5168062,7,50155.13,DEG,0,
因为,541.1542086,541.3727527,7,1783.29,P,0,
她,541.3727527,541.6221676,7,6600.39,PN,0,
是,541.8432399,542.0301946,7,28253.52,VC,1,-0.69969
我,542.0301946,542.1605705,7,50147.83,PN,0,
用,542.1605705,542.285278,7,1563.08,VV,1,-0.45254
屏风,542.285278,542.6310577,7,0.39,NR,1,-0.16466
保护,542.6310577,542.9088152,7,211.47,VV,1,-0.2746
起来,542.9088152,543.2149153,7,1109.06,VV,1,-0.29403
的,543.2149153,543.3963079,7,50155.13,DEG,0,
因为,544.0141766,544.3062086,7,1783.29,P,0,
她,544.3062086,544.42231,7,6600.39,PN,0,
身上,544.42231,544.7454157,7,215.46,NN,1,-0.44606
的,544.7454157,544.8191064,7,50155.13,DEG,0,
毛虫,544.8191064,545.3179362,7,0.66,NN,1,-0.31414
除了,545.8757741,546.2158853,7,153.43,P,0,
留下,546.2158853,546.4766372,7,140.7,VV,1,-0.30502
两三,546.4766372,546.8904392,7,5.13,CD,0,
只,546.8904392,547.0502086,7,2167.08,AD,1,-0.41073
为了,547.2662086,547.4289486,7,544.74,P,0,
变,547.4289486,547.6046727,7,315.38,VV,1,-0.29409
蝴蝶,547.6046727,547.9051043,7,11.72,NN,1,-0.16716
而外,547.9051043,548.22821,7,0.45,NN,1,-0.092456
是,548.7553823,549.0047972,7,28253.52,VC,1,-0.32184
我,549.0047972,549.2026796,7,50147.83,PN,0,
除,549.2026796,549.6391556,7,17.32,P,0,
灭,549.2026796,549.6391556,7,16.01,VV,1,-0.2277
的,549.6391556,549.8602279,7,50155.13,DEG,0,
因为,550.3760632,550.6878319,7,1783.29,P,0,
我,550.6878319,550.8408819,7,50147.83,PN,0,
倾听,550.8408819,551.2603524,7,9.36,VV,1,-0.19672
过,551.2603524,551.4342086,7,3350.21,VV,1,-0.27965
她,551.7535136,551.8838896,7,6600.39,PN,0,
的,551.8838896,552.0029285,7,50155.13,DEG,0,
埋怨,552.0029285,552.433736,7,3.52,VV,1,-0.30434
和,552.433736,552.5981231,7,4483.86,P,0,
自诩,552.5981231,553.1622086,7,0.57,VV,1,-0.27336
甚至,553.7794003,554.0798319,7,211.65,AD,1,-0.36914
有时,554.0798319,554.4902086,7,77.12,AD,1,-0.35931
我,554.9584525,555.1398451,7,50147.83,PN,0,
聆听,555.1398451,555.4459452,7,6.14,VV,1,-0.2949
着,555.4459452,555.5479786,7,2983.65,VV,1,-0.3825
她,555.5479786,555.6953601,7,6600.39,PN,0,
的,555.6953601,555.7973934,7,50155.13,DEG,0,
沉默,555.7973934,556.3302343,7,21.28,VA,1,-0.29385
因为,557.1125705,557.5542086,7,1783.29,P,0,
她,558.2065949,558.3539764,7,6600.39,PN,0,
是,558.3539764,558.5807172,7,28253.52,VC,1,-0.35696
我,558.5807172,558.7507728,7,50147.83,PN,0,
的,558.7507728,558.8641432,7,50155.13,DEG,0,
玫瑰,558.8641432,559.493349,7,17.53,NN,1,-0.12689
他,559.8051176,560.1708833,7,11853.78,PN,0,
又,560.1708833,560.3806186,7,1060.05,AD,1,-0.23879
回到,560.3806186,560.6583761,7,142.7,VV,1,-0.19825
了,560.6583761,560.8000891,7,28210.53,PU,0,
狐狸,560.8000891,561.0835151,7,8.59,NN,1,-0.22152
身边,561.0835151,561.4742086,7,110.12,NN,1,-0.3863
再见,562.3872747,562.8464248,7,326.65,VV,1,-0.23314
了,562.8464248,563.0618286,7,28210.53,PU,0,
小,563.8252557,563.9839743,7,1042.34,VA,1,-0.22922
王子,563.9839743,564.3070799,7,31.93,NN,1,-0.19286
说道,564.3070799,564.6982078,7,3.16,VV,1,-0.22047
再见,565.4918006,566.1436804,7,326.65,VV,1,-0.48675
狐狸,566.727538,567.0971445,7,8.59,NN,1,-0.49401
说,567.0971445,567.4032446,7,6765.38,VV,1,-0.37341
喏,568.2591911,568.5142745,7,0.48,SP,0,
这,568.9620876,569.2115025,7,8554.9,PN,0,
就,569.2115025,569.3872266,7,8246.34,AD,1,-0.28069
是,569.3872266,569.5176026,7,28253.52,VC,1,-0.23146
我,569.5176026,569.64231,7,50147.83,PN,0,
的,569.64231,569.7500119,7,50155.13,DEG,0,
秘密,569.7500119,570.1694824,7,149.08,VA,1,-0.32222
很,570.7458297,571.0746039,7,5979.28,AD,1,-0.33873
简单,571.0746039,571.5054114,7,151.7,VA,1,-0.33138
只有,572.2933357,572.667458,7,206.16,AD,1,-0.4001
用,572.667458,572.8488507,7,1563.08,VV,1,-0.41238
心,572.8488507,573.23431,7,266.94,NN,1,-0.23028
才,573.5120675,573.7614824,7,1094.48,AD,1,-0.32985
能,573.7614824,573.9222086,7,4967.91,VV,1,-0.422
看,573.9222086,574.1498742,7,3056.83,VV,1,-0.36503
得,574.1498742,574.3142613,7,3135.62,VV,1,-0.3638
清,574.3142613,574.6260299,7,84.9,VA,1,0.029081
实质性,575.4763079,576.19621,7,0.89,NN,1,-0.22053
的,576.19621,576.2755692,7,50155.13,DEG,0,
东西,576.2755692,576.7382086,7,1136.54,NN,1,-0.41776
用,577.0662086,577.2448862,7,1563.08,VV,1,-0.54948
眼睛,577.2448862,577.7385816,7,169.11,NN,1,-0.39128
是,577.7385816,578.0390132,7,28253.52,VC,1,-0.34001
看,578.0390132,578.3054337,7,3056.83,VV,1,-0.56493
不,578.3054337,578.4131355,7,20543.44,AD,1,-0.4351
见,578.4131355,578.5945282,7,874.61,VV,1,-0.3101
的,578.5945282,578.7872579,7,50155.13,DEG,0,
实质性,580.0456693,580.9072844,7,0.89,NN,1,-0.17726
的,580.9072844,581.0376603,7,50155.13,DEG,0,
东西,581.0376603,581.6337318,7,1136.54,NN,1,-0.57782
用,582.1665727,582.3763079,7,1563.08,VV,1,-0.5404
眼睛,582.3763079,582.9601655,7,169.11,NN,1,-0.51079
是,583.3456248,583.521349,7,28253.52,VC,1,-0.55638
看,583.521349,583.8217805,7,3056.83,VV,1,-0.58252
不,583.8217805,583.9294824,7,20543.44,AD,1,-0.56688
见,583.9294824,584.2015714,7,874.61,VV,1,-0.4186
的,584.2015714,584.3602899,7,50155.13,DEG,0,
小,585.1972112,585.3786039,7,1042.34,VA,1,-0.19284
王子,585.3786039,585.7862086,7,31.93,NN,1,-0.062407
重复,585.7862086,586.1948708,7,37.62,VV,1,-0.33286
着,586.1948708,586.3195782,7,2983.65,VV,1,-0.37306
这,586.3195782,586.4442857,7,8554.9,PN,0,
句,586.4442857,586.5633246,7,178.38,M,0,
话,586.5633246,586.7730598,7,1189.39,NN,1,-0.28404
以便,587.3702086,587.7062086,7,9.9,AD,1,-0.165
能,587.9010953,588.0342086,7,4967.91,VV,1,-0.45302
把,588.0342086,588.1675158,7,3712.28,BA,0,
它,588.1675158,588.3382086,7,1461.37,PN,0,
记,588.3382086,588.4962899,7,130.33,VV,1,-0.047858
在,588.4962899,588.5979944,7,12811.05,P,0,
心,588.5979944,588.8190667,7,266.94,NN,1,-0.26188
间,588.8190667,588.9942086,7,165.35,M,0,
正,590.1058207,590.3835782,7,582.36,AD,1,-0.22688
因为,590.3835782,590.8182086,7,1783.29,P,0,
你,591.0502086,591.1941766,7,39629.27,PN,0,
为,591.1941766,591.3925748,7,1358.26,P,0,
你,591.3925748,591.5229508,7,39629.27,PN,0,
的,591.5229508,591.6249841,7,50155.13,DEG,0,
玫瑰,591.6249841,592.0501231,7,17.53,NN,1,-0.1586
花费,592.0501231,592.4015714,7,9.75,VV,1,-0.058855
了,592.4015714,592.4922677,7,28210.53,PU,0,
时间,592.4922677,592.9609131,7,915.24,NN,1,-0.31197
这,593.5447707,593.6808152,7,8554.9,PN,0,
才,593.6808152,593.8622078,7,1094.48,AD,1,-0.2676
使,593.8622078,594.060606,7,146.51,VV,1,-0.38214
你,594.060606,594.2249931,7,39629.27,PN,0,
的,594.2249931,594.3156894,7,50155.13,DEG,0,
玫瑰,594.3156894,594.6728062,7,17.53,NN,1,-0.24987
变得,594.6728062,594.9335581,7,0.03,VV,1,-0.24672
如此,594.9335581,595.3416916,7,247.57,VA,1,-0.31152
重要,595.3416916,595.7328194,7,348.08,VA,1,-0.1383
正,596.8508575,597.128615,7,582.36,AD,1,-0.37551
因为,597.128615,597.5462086,7,1783.29,P,0,
你,597.9622086,598.1262745,7,39629.27,PN,0,
为,598.1262745,598.2566505,7,1358.26,P,0,
你,598.2566505,598.4493802,7,39629.27,PN,0,
的,598.4493802,598.5514135,7,50155.13,DEG,0,
玫瑰,598.5514135,598.9822211,7,17.53,NN,1,-0.38689
花费,598.9822211,599.3450064,7,9.75,VV,1,-0.40344
了,599.3450064,599.4357027,7,28210.53,PU,0,
时间,599.4357027,599.9382086,7,915.24,NN,1,-0.51542
小,600.4421946,600.6462613,7,1042.34,VA,1,-0.19084
王子,600.6462613,601.0902086,7,31.93,NN,1,-0.0088014
又,601.0902086,601.3702086,7,1060.05,AD,1,-0.2103
重复,601.3702086,601.8479875,7,37.62,VV,1,-0.37029
着,601.8479875,602.0633913,7,2983.65,VV,1,-0.28964
要,602.6822086,602.8286415,7,7114.18,VV,1,-0.44083
使,602.8286415,602.9816916,7,146.51,VV,1,-0.33302
自己,602.9816916,603.3104657,7,1728.29,PN,0,
记住,603.3104657,603.673251,7,104.75,VV,1,-0.24263
这些,603.673251,604.0342086,7,1095.05,DT,0,
人们,605.1942086,605.7030042,7,238.18,NN,1,-0.40178
已经,605.9942086,606.2925303,7,1543.29,AD,1,-0.43666
忘记,606.2925303,606.6609841,7,108.27,VV,1,-0.33431
了,606.6609841,606.780023,7,28210.53,PU,0,
这个,606.780023,607.0237694,7,2744.19,PN,0,
道理,607.0237694,607.4489084,7,41.64,NN,1,-0.33515
狐狸,608.0725483,608.4013224,7,8.59,NN,1,-0.095922
说,608.4013224,608.6620744,7,6765.38,VV,1,-0.43374
可是,609.1609041,609.6102086,7,349.93,AD,1,-0.50496
你,609.9462086,610.1018785,7,39629.27,PN,0,
不,610.1018785,610.3172822,7,20543.44,AD,1,-0.46009
应该,610.3172822,610.5950397,7,1127.12,VV,1,-0.58146
忘记,610.5950397,610.8898028,7,108.27,VV,1,-0.54651
它,610.8898028,611.099538,7,1461.37,PN,0,
你,611.5142086,611.6809354,7,39629.27,PN,0,
现在,611.6809354,612.1302086,7,2626.8,NT,1,-0.45682
要,612.4022086,612.570893,7,7114.18,VV,1,-0.5537
对,612.570893,612.6899319,7,3958.83,VA,1,-0.43387
你,612.6899319,612.8316449,7,39629.27,PN,0,
驯服,612.8316449,613.2000987,7,2.27,VA,1,-0.35045
过,613.2000987,613.3758229,7,3350.21,VV,1,-0.41238
的,613.3758229,613.4551822,7,50155.13,DEG,0,
一切,613.4551822,613.9302086,7,647.13,PN,0,
负责,613.9302086,614.3394713,7,121.03,VA,1,-0.1705
到底,614.3394713,614.8326325,7,302.06,AD,1,-0.43247
你,615.4982086,615.6250104,7,39629.27,PN,0,
要,615.6250104,615.7780605,7,7114.18,VV,1,-0.72747
对,615.7780605,615.9197735,7,3958.83,VA,1,-0.61615
你,615.9197735,616.067155,7,39629.27,PN,0,
的,616.067155,616.1578513,7,50155.13,DEG,0,
玫瑰,616.1578513,616.5829903,7,17.53,NN,1,-0.048526
负责,616.5829903,617.0308034,7,121.03,VA,1,-0.36631
我,618.0107686,618.2601834,7,50147.83,PN,0,
要,618.2601834,618.5549465,7,7114.18,VV,1,-0.72169
对,618.7703502,618.9574114,7,3958.83,VA,1,-0.73248
我,618.9574114,619.1047929,7,50147.83,PN,0,
的,619.1047929,619.1841522,7,50155.13,DEG,0,
玫瑰,619.1841522,619.6102086,7,17.53,NN,1,-0.18978
负责,619.6102086,620.2101543,7,121.03,VA,1,-0.4988
小,621.0831064,621.2985102,7,1042.34,VA,1,-0.21392
王子,621.2985102,621.8479076,7,31.93,NN,1,-0.028267
又,621.9782086,622.1702086,7,1060.05,AD,1,-0.24521
重复,622.1702086,622.6301633,7,37.62,VV,1,-0.21134
着,622.6301633,622.8512356,7,2983.65,VV,1,-0.32121
这样,623.5541321,623.9736026,7,1916.59,VA,1,-0.39006
他,624.228686,624.3533934,7,11853.78,PN,0,
能够,624.3533934,624.6481565,7,163.44,VV,1,-0.47151
记住,624.6481565,625.1186437,7,104.75,VV,1,-0.23196
你,626.0582086,626.2067346,7,39629.27,PN,0,
好,626.2067346,626.4662086,7,9977.13,VA,1,-0.38264
小,627.1136978,627.2894219,7,1042.34,VA,1,-0.4613
王子,627.2894219,627.5898535,7,31.93,NN,1,-0.26974
说道,627.5898535,627.9753128,7,3.16,VV,1,-0.26837
你,628.7222086,628.9449798,7,39629.27,PN,0,
好,628.9449798,629.1782086,7,9977.13,VA,1,-0.58955
扳道工,630.1142086,630.5661766,7,,NR,1,
说道,630.5661766,630.9062086,7,3.16,VV,1,-0.45169
你,631.7225547,631.9663011,7,39629.27,PN,0,
在,631.9663011,632.271952,7,12811.05,P,0,
这里,632.4250021,632.7027596,7,1606.72,PN,0,
做,632.7027596,632.8444726,7,3647.59,VV,1,-0.4219
什么,632.8444726,633.1732467,7,7050.42,PN,0,
小,633.8307951,633.9725081,7,1042.34,VA,1,-0.45854
王子,633.9725081,634.2956137,7,31.93,NN,1,-0.23921
问,634.2956137,634.4770064,7,609.75,VV,1,-0.33334
我,635.1458917,635.366964,7,50147.83,PN,0,
一,635.366964,635.5389037,7,6069.96,CD,0,
包,635.5389037,635.7032908,7,111.73,VV,1,-0.12348
包,635.7032908,635.8733464,7,111.73,VV,1,-0.32815
地,635.8733464,635.9640427,7,536.84,NN,1,-0.12314
分,635.9640427,636.3041539,7,162.61,VV,1,-0.1415
选,635.9640427,636.3041539,7,197.31,VV,1,-0.21827
旅客,636.3041539,636.7862086,7,4.89,NN,1,-0.08425
按,637.2451283,637.5285543,7,111.84,P,0,
每,637.7302086,637.9302086,7,302.68,DT,0,
千,637.9302086,638.2541249,7,46.09,CD,0,
人,638.2541249,638.4525231,7,5810.26,NN,1,-0.2855
一,638.4525231,638.5658935,7,6069.96,CD,0,
包,638.5658935,638.7926343,7,111.73,VV,1,-0.51992
扳道工,639.5448686,639.9926817,7,,NR,1,
说,639.9926817,640.2262086,7,6765.38,VV,1,-0.26875
我,640.5992134,640.7622086,7,50147.83,PN,0,
打发,640.7622086,641.1037117,7,8.47,VV,1,-0.16323
这些,641.1037117,641.5062086,7,1095.05,DT,0,
运载,641.6902086,642.0843656,7,0.12,NN,1,-0.21206
旅客,642.0843656,642.4131398,7,4.89,NN,1,-0.52143
的,642.4131398,642.5208417,7,50155.13,DEG,0,
列车,642.5208417,642.9862086,7,11.95,NN,1,-0.36258
一会儿,643.3142086,643.7083836,7,99.53,NN,1,-0.18158
发,643.7083836,643.9974781,7,188.48,VV,1,-0.30851
往,643.7083836,643.9974781,7,181.33,P,0,
右方,643.9974781,644.4182086,7,0.63,NN,1,-0.074933
一会儿,644.8080765,645.1382086,7,99.53,NN,1,-0.37909
发,645.3182433,645.5942086,7,188.48,VV,1,-0.52883
往,645.3182433,645.5942086,7,181.33,P,0,
左方,645.5942086,646.0268083,7,0.48,NN,1,-0.21656
这时,646.9768909,647.4822086,7,10.43,AD,1,-0.24683
一,648.2502086,648.3600098,7,6069.96,CD,0,
列,648.3600098,648.6037561,7,27.57,VV,1,-0.20093
灯火,648.6037561,648.9381988,7,0.92,NN,1,-0.27213
明亮,648.9381988,649.255636,7,3.61,VA,1,-0.15895
的,649.255636,649.3746749,7,50155.13,DEG,0,
快车,649.3746749,649.8102086,7,1.94,NN,1,-0.069707
雷鸣,650.0662086,650.5283169,7,2.68,NN,1,-0.14987
般,650.0662086,650.5283169,7,45.49,VA,1,-0.23127
地,650.5283169,650.6190132,7,536.84,NN,1,-0.22587
响,650.6190132,650.834417,7,41.88,VV,1,-0.32703
着,650.834417,650.9988041,7,2983.65,VV,1,-0.30624
把,651.3389153,651.4636227,7,3712.28,BA,0,
扳道房,651.4636227,652.0191377,7,,NR,1,
震,652.1222086,652.1891933,7,6.47,NN,1,-0.1687
得,652.1891933,652.3139007,7,3135.62,VV,1,-0.2751
颤颤悠悠,652.3139007,653.0451398,7,0.03,VV,1,
他们,653.9822168,654.2543058,7,4187.02,PN,0,
真,654.2543058,654.5037206,7,3053.82,VA,1,-0.12969
匆忙,654.5037206,654.9345282,7,6.29,VA,1,-0.27229
呀,654.9345282,655.0742086,7,318.96,IJ,0,
小,655.6147506,655.7678006,7,1042.34,VA,1,-0.18446
王子,655.7678006,656.1079118,7,31.93,NN,1,-0.068596
说,656.1079118,656.3462086,7,6765.38,VV,1,-0.2828
他们,656.8958361,657.2182086,7,4187.02,PN,0,
要,657.4502086,657.5412335,7,7114.18,VV,1,-0.40806
寻找,657.5412335,657.8359965,7,80.01,VV,1,-0.21493
什么,657.8359965,658.1302086,7,7050.42,PN,0,
开,658.6352579,658.8336561,7,816.24,VV,1,-0.16967
机车,658.8336561,659.1794358,7,2.44,NN,1,-0.077107
的,659.1794358,659.2701321,7,50155.13,DEG,0,
人,659.2701321,659.4902086,7,5810.26,NN,1,-0.2745
自己,659.802973,660.2337805,7,1728.29,PN,0,
也,660.2337805,660.358488,7,3928.9,AD,1,-0.37171
不,660.358488,660.4888639,7,20543.44,AD,1,-0.4067
知道,660.4888639,660.8233066,7,5864.84,VV,1,-0.3644
扳道工,661.5222086,661.9781272,7,,NR,1,
说道,661.9781272,662.3382086,7,3.16,VV,1,-0.38882
于是,663.0982086,663.4982086,7,58.13,AD,1,-0.42844
第二,663.8430703,664.1435019,7,190.15,OD,0,
列,664.1435019,664.294911,7,27.57,VV,1,-0.13449
灯火,664.294911,664.6180166,7,0.92,NN,1,-0.063961
通明,664.6180166,664.9071112,7,0.12,VA,1,0.12492
的,664.9071112,664.9751334,7,50155.13,DEG,0,
快车,664.9751334,665.3942086,7,1.94,NN,1,-0.031074
又,665.6156762,665.7857318,7,1060.05,AD,1,-0.39373
朝着,665.7857318,666.0634893,7,6.86,P,0,
相反,666.0634893,666.4149375,7,19.85,VA,1,-0.41133
的,666.4149375,666.5169709,7,50155.13,DEG,0,
方向,666.5169709,666.8822086,7,64.27,NN,1,-0.22612
轰隆,667.0894914,667.4409396,7,0.33,VV,1,-0.12787
轰隆,667.4409396,667.7470397,7,0.33,VV,1,-0.15925
地,667.7470397,667.8207305,7,536.84,NN,1,-0.34428
开,667.8207305,668.0304657,7,816.24,VV,1,-0.18703
过去,668.0304657,668.3542086,7,401.98,NT,1,-0.24725
他们,669.1329131,669.4902086,7,4187.02,PN,0,
怎么,669.9435115,670.1532467,7,2657.98,VA,1,-0.16318
又,670.1532467,670.2779542,7,1060.05,AD,1,-0.51923
回来,670.2779542,670.5840543,7,668.42,VV,1,-0.30988
了,670.5840543,670.6804191,7,28210.53,PU,0,
呢,670.6804191,670.8902086,7,2287.93,SP,0,
小,671.4570064,671.6100564,7,1042.34,VA,1,-0.20027
王子,671.6100564,671.9388306,7,31.93,NN,1,-0.062696
问道,671.9388306,672.2789418,7,0.78,VV,1,-0.28985
他们,673.0524632,673.4946078,7,4187.02,PN,0,
不,673.4946078,673.6533263,7,20543.44,AD,1,-0.33596
是,673.6533263,673.8403875,7,28253.52,VC,1,-0.28404
原来,673.8403875,674.0841338,7,88.83,AD,1,-0.4351
那些,674.0841338,674.3732284,7,788.46,DT,0,
人,674.3732284,674.5319469,7,5810.26,NN,1,-0.3726
了,674.5319469,674.6502086,7,28210.53,PU,0,
扳道工,675.1622086,675.5542086,7,,NR,1,
说,675.5542086,675.8130325,7,6765.38,VV,1,-0.43127
这,676.4774974,676.6418845,7,8554.9,PN,0,
是,676.6418845,676.8062716,7,28253.52,VC,1,-0.53368
一,676.8062716,676.9819957,7,6069.96,CD,0,
次,676.9819957,677.2654217,7,1307.83,M,0,
对开,677.4354773,677.8095996,7,0.06,VV,1,0.046734
列车,677.8095996,678.2007275,7,11.95,NN,1,-0.088685
他们,679.045337,679.6102086,7,4187.02,PN,0,
不,680.0022086,680.1410911,7,20543.44,AD,1,-0.61453
满意,680.1410911,680.4358541,7,42.81,VA,1,-0.19254
他们,680.4358541,680.685269,7,4187.02,PN,0,
原来,680.685269,680.9460209,7,88.83,AD,1,-0.47858
所,680.9460209,681.0990709,7,587.69,MSP,0,
住,681.0990709,681.2237784,7,584.32,VV,1,-0.22689
的,681.2237784,681.3144747,7,50155.13,DEG,0,
地方,681.3144747,681.6035692,7,696.29,NN,1,-0.39832
吗,681.6035692,681.8182086,7,7428.1,SP,0,
人们,682.2837916,682.7882899,7,238.18,NN,1,-0.33315
是,682.9294871,683.0712001,7,28253.52,VC,1,-0.60031
从来,683.0712001,683.5246817,7,255.79,AD,1,-0.22657
也,683.5246817,683.6267151,7,3928.9,AD,1,-0.45329
不,683.6267151,683.7514225,7,20543.44,AD,1,-0.58994
会,683.7514225,683.8704615,7,7927.17,VV,1,-0.42683
满意,683.8704615,684.1822301,7,42.81,VA,1,-0.34286
自己,684.1822301,684.442982,7,1728.29,PN,0,
所,684.442982,684.6130376,7,587.69,MSP,0,
在,684.6130376,684.7604191,7,12811.05,P,0,
的,684.7604191,684.868121,7,50155.13,DEG,0,
地方,684.868121,685.1968952,7,696.29,NN,1,-0.55998
的,685.1968952,685.3499452,7,50155.13,DEG,0,
扳道工,686.3192621,686.7971445,7,,NR,1,
说,686.7971445,687.0465594,7,6765.38,VV,1,-0.39819
此时,687.511378,687.9702086,7,10.34,NT,1,-0.33466
第三,688.3942086,688.7222086,7,86.36,OD,0,
趟,688.7222086,688.905834,7,45.28,M,0,
灯火,688.905834,689.1722544,7,0.92,NN,1,-0.07058
明亮,689.1722544,689.4500119,7,3.61,VA,1,-0.13259
的,689.4500119,689.5633823,7,50155.13,DEG,0,
快车,689.5633823,689.9782086,7,1.94,NN,1,-0.020317
又,690.2209306,690.4267547,7,1060.05,AD,1,-0.28592
隆隆,690.4267547,690.78954,7,0.86,VA,1,-0.084902
而,690.78954,690.9595956,7,1173.92,AD,1,-0.42821
过,690.9595956,691.214679,7,3350.21,VV,1,-0.31113
他们,692.0824023,692.6422086,7,4187.02,PN,0,
是,693.1333759,693.3261056,7,28253.52,VC,1,-0.35188
在,693.3261056,693.4451445,7,12811.05,P,0,
追随,693.4451445,693.7795872,7,5.07,VV,1,-0.17617
第一,693.7795872,694.0743502,7,542.29,OD,0,
批,694.0743502,694.2727485,7,26.77,VV,1,-0.019565
旅客,694.2727485,694.5845171,7,4.89,NN,1,-0.16375
吗,694.5845171,694.8102086,7,7428.1,SP,0,
小,695.5424969,695.7012155,7,1042.34,VA,1,-0.20098
王子,695.7012155,696.0243212,7,31.93,NN,1,-0.035933
问道,696.0243212,696.3871064,7,0.78,VV,1,-0.2081
他们,697.0673289,697.3134871,7,4187.02,PN,0,
什么,697.3134871,697.5402279,7,7050.42,PN,0,
也,697.5402279,697.7272891,7,3928.9,AD,1,-0.40513
不,697.7272891,697.834991,7,20543.44,AD,1,-0.4235
追随,697.834991,698.2502086,7,5.07,VV,1,-0.23192
扳道工,698.7782086,699.1840987,7,,NR,1,
说,699.1840987,699.4182086,7,6765.38,VV,1,-0.40126
他们,700.1307416,700.6749195,7,4187.02,PN,0,
在,700.834813,700.9425149,7,12811.05,P,0,
里面,700.9425149,701.2429465,7,303.55,NN,1,-0.31439
睡觉,701.2429465,701.6397429,7,119.21,VV,1,-0.43005
或是,702.087556,702.5297005,7,54.91,CC,0,
在,702.5297005,702.6827506,7,12811.05,P,0,
打哈欠,702.6827506,703.2262086,7,0.92,VV,1,-0.14215
只有,703.7597694,703.9978472,7,206.16,AD,1,-0.3828
孩子,703.9978472,704.5782086,7,1110.19,NN,1,-0.3324
们,703.9978472,704.5782086,7,1191.12,NN,1,-0.41776
把,704.9073336,705.0093669,7,3712.28,BA,0,
鼻子,705.0093669,705.3778207,7,40.96,NN,1,-0.42602
贴,705.3778207,705.5365393,7,32.37,VV,1,-0.30413
在,705.5365393,705.7009264,7,12811.05,P,0,
玻璃窗,705.7009264,706.1487395,7,1.07,NN,1,-0.28746
上,706.1487395,706.3244636,7,3409.33,VV,1,-0.39465
往,706.5625414,706.6815804,7,181.33,P,0,
外,706.6815804,706.8402989,7,120.97,NN,1,-0.30387
看,706.8402989,707.0662086,7,3056.83,VV,1,-0.43608
只有,708.1235872,708.4502086,7,206.16,AD,1,-0.51714
孩子,708.4502086,708.9511911,7,1110.19,NN,1,-0.45174
知道,708.9511911,709.3382086,7,5864.84,VV,1,-0.37179
他们,709.8298117,710.1222086,7,4187.02,PN,0,
自己,710.1222086,710.3796582,7,1728.29,PN,0,
在,710.3796582,710.5327082,7,12811.05,P,0,
寻找,710.5327082,710.9408417,7,80.01,VV,1,-0.2968
什么,710.9408417,711.3603122,7,7050.42,PN,0,
小,711.8480983,712.0351595,7,1042.34,VA,1,-0.25515
王子,712.0351595,712.3752707,7,31.93,NN,1,-0.066423
说,712.3752707,712.6182086,7,6765.38,VV,1,-0.3832
他们,713.5033062,713.7980693,7,4187.02,PN,0,
为,713.7980693,713.9794619,7,1358.26,P,0,
一,713.9794619,714.0588212,7,6069.96,CD,0,
个,714.0588212,714.1778601,7,5184,M,0,
布,714.1778601,714.6742086,7,46.06,NR,1,-0.030399
娃娃,714.1778601,714.6742086,7,26.56,NN,1,-0.27277
花费,715.0533224,715.3310799,7,9.75,VV,1,-0.12691
不少,715.3310799,715.6825282,7,58.31,CD,0,
时间,715.6825282,716.0822086,7,915.24,NN,1,-0.21758
这,716.5328062,716.7141988,7,8554.9,PN,0,
个,716.7141988,716.8162322,7,5184,M,0,
布,716.8162322,717.3093934,7,46.06,NR,1,-0.21789
娃娃,716.8162322,717.3093934,7,26.56,NN,1,-0.41912
就,717.5871509,717.7061898,7,8246.34,AD,1,-0.31503
成,717.7061898,717.8791685,7,373.78,VV,1,-0.17513
了,717.8791685,717.9358537,7,28210.53,PU,0,
很,717.9358537,718.1172463,7,5979.28,AD,1,-0.29277
重要,718.1172463,718.4120094,7,348.08,VA,1,-0.15735
的,718.4120094,718.5027057,7,50155.13,DEG,0,
东西,718.5027057,718.8902086,7,1136.54,NN,1,-0.38281
如果,719.3133041,719.6250727,7,2277.94,CS,0,
有,719.6250727,719.8064653,7,8618.15,VE,1,-0.40598
人,719.8064653,720.0102086,7,5810.26,NN,1,-0.38352
夺,720.2939581,720.6227322,7,38.39,VV,1,0.11408
走,720.2939581,720.6227322,7,1945.3,VV,1,-0.30016
了,720.6227322,720.7190971,7,28210.53,PU,0,
他们,720.7190971,720.9702086,7,4187.02,PN,0,
的,720.9702086,721.0592083,7,50155.13,DEG,0,
布,721.0592083,721.5302168,7,46.06,NR,1,-0.0071238
娃娃,721.0592083,721.5302168,7,26.56,NN,1,-0.15343
他们,722.0347151,722.3142086,7,4187.02,PN,0,
就,722.3142086,722.4541856,7,8246.34,AD,1,-0.42152
哭泣,722.4541856,723.1003969,7,13.95,VV,1,-0.24402
他们,723.9109952,724.2851176,7,4187.02,PN,0,
真,724.2851176,724.5118584,7,3053.82,VA,1,-0.13081
幸运,724.5118584,725.0633525,7,104.33,VA,1,-0.2591
扳道工,725.7945916,726.3302086,7,,NR,1,
说,726.3302086,726.6278641,7,6765.38,VV,1,-0.39157
