天,0.339345239,0.633848073,3,1510.14,NN,1,-0.37071
还是,1.26158665,1.708901347,3,596.13,AD,1,-0.45011
羊,1.708901347,1.935980532,3,20.78,NN,1,-0.20024
事儿,2.016501563,2.217848073,3,104,NN,1,-0.19628
小,2.973463048,3.143795999,3,1042.34,VA,1,-0.41086
王子,3.143795999,3.382262129,3,31.93,NN,1,-0.32182
生活,3.447298347,3.595952558,3,474.51,NN,1,-0.20527
秘密,3.595952558,4.028139752,3,149.08,VA,1,-0.30775
揭开,4.452423647,4.85193184,3,5.13,VV,1,-0.23118
好像,5.654045188,5.956164804,3,334.28,AD,1,-0.42072
默默,5.956164804,6.216309674,3,2.89,AD,1,-0.38792
地,6.216309674,6.29501621,3,536.84,NN,1,-0.23248
思索,6.29501621,6.621812283,3,1.76,VV,1,-0.3925
很,6.707596253,6.887334093,3,5979.28,AD,1,-0.31253
长,6.887334093,7.062986982,3,362.87,VA,1,-0.16725
时间,7.062986982,7.32033889,3,915.24,NN,1,-0.22187
以后,7.32033889,7.641848073,3,259.28,AD,1,-0.32915
得出,7.888147068,8.178178583,3,7.09,VV,1,-0.16876
结果,8.451870294,8.762326564,3,211.2,AD,1,-0.46701
一样,8.762326564,9.033848073,3,860.33,VA,1,-0.42267
突然,9.810228715,10.05532577,3,130.15,AD,1,-0.26381
没头没脑,10.05532577,10.61496405,3,0.27,VV,1,-0.021751
地,10.61496405,10.69257811,3,536.84,NN,1,-0.35174
问,10.69257811,10.80695674,3,609.75,VV,1,-0.14452
羊,11.67384807,11.95384807,3,20.78,NN,1,-0.11742
吃,13.06584807,13.31418487,3,832.07,VV,1,-0.34599
小,13.31418487,13.46532806,3,1042.34,VA,1,-0.19401
灌木,13.46532806,13.82584807,3,2.33,NN,1,-0.11763
也,14.46821181,14.56625064,3,3928.9,AD,1,-0.42468
要,14.56625064,14.69696906,3,7114.18,VV,1,-0.42282
吃,14.69696906,14.83177245,3,832.07,VV,1,-0.59425
花,14.83177245,15.03193504,3,266.7,VV,1,-0.20195
啰,15.03193504,15.17784807,3,18.36,NN,1,-0.23967
羊,16.22882566,16.52984807,3,20.78,NN,1,-0.48903
碰到,17.16659775,17.46888411,3,45.94,VV,1,-0.35074
吃,17.68538651,17.82835979,3,832.07,VV,1,-0.77545
回答,18.87410723,19.21315816,3,121.32,VV,1,-0.28965
连,20.11384807,20.24574824,3,229.71,AD,1,-0.22028
有,20.24574824,20.38872152,3,8618.15,VE,1,-0.32964
刺,20.38872152,20.56028946,3,43.19,VV,1,-0.2113
花,20.65832828,20.79721661,3,266.7,VV,1,-0.39136
也,20.79721661,20.92385009,3,3928.9,AD,1,-0.24358
吃,20.92385009,21.07090832,3,832.07,VV,1,-0.69125
有,21.96984807,22.14116546,3,8618.15,VE,1,-0.49076
刺,22.14116546,22.35766786,3,43.19,VV,1,-0.35029
也,22.43936688,22.58234016,3,3928.9,AD,1,-0.45777
吃,22.58234016,22.83560712,3,832.07,VV,1,-0.55911
那么,23.47817378,23.73961064,3,1245.85,AD,1,-0.36346
刺,23.73961064,24.14584807,3,43.19,VV,1,-0.4622
有,24.44630715,24.60562023,3,8618.15,VE,1,-0.44173
用,24.8915668,25.04270998,3,1563.08,VV,1,-0.42909
不,26.49784807,26.61174322,3,20543.44,AD,1,-0.42403
知道,26.61174322,26.99384807,3,5864.84,VV,1,-0.37296
怎么,27.28576012,27.51043242,3,2657.98,VA,1,-0.37993
回答,27.51043242,27.87399305,3,121.32,VV,1,-0.42557
那会儿,28.52984807,28.87384807,3,6.44,AD,1,-0.034797
正,29.38771614,29.51843457,3,582.36,AD,1,-0.12177
忙,29.51843457,29.79212628,3,248.67,VA,1,-0.26951
着,29.51843457,29.79212628,3,2983.65,VV,1,-0.3838
要,29.79212628,29.90241996,3,7114.18,VV,1,-0.56555
发动机,30.05356314,30.46497637,3,6.41,NN,1,-0.0947
上,30.46497637,30.61784807,3,3409.33,VV,1,-0.33609
卸下,30.85304671,31.18392773,3,2.74,VV,1,-0.19572
拧,31.37592043,31.55974322,3,6.77,VV,1,-0.26454
得,31.55974322,31.63327233,3,3135.62,VV,1,-0.38388
太,31.63327233,31.80075532,3,1942.11,AD,1,-0.13909
紧,31.80075532,31.9192189,3,68.35,VA,1,-0.46651
螺丝,31.99274801,32.36984807,3,3.31,NN,1,-0.34964
发现,33.18140113,33.43466808,3,589.45,VV,1,-0.20528
机器,33.43466808,33.67976514,3,50.94,NN,1,-0.29371
故障,33.67976514,33.94584807,3,12.67,NN,1,-0.41023
似乎,34.10051508,34.33744224,3,94.11,AD,1,-0.4425
很,34.33744224,34.47224562,3,5979.28,AD,1,-0.4487
严重,34.47224562,34.84184807,3,92.71,VA,1,-0.24648
饮水,35.33784807,35.71980898,3,1.22,NN,1,-0.36513
也,35.71980898,35.8096779,3,3928.9,AD,1,-0.45916
快,35.8096779,35.96082108,3,1595.1,VA,1,-0.28591
完,35.96082108,36.10787932,3,332.73,VV,1,-0.16196
担心,37.00984807,37.29251508,3,394.62,VV,1,-0.47265
可能,37.29251508,37.52944224,3,1324.25,VV,1,-0.57309
发生,37.52944224,37.8072189,3,673.75,VV,1,-0.35248
最,37.8072189,37.95427713,3,1385.06,AD,1,-0.2366
坏,37.95427713,38.12984807,3,233.76,VA,1,-0.30641
情况,38.20754409,38.53784807,3,318.16,NN,1,-0.46791
心里,38.79927735,39.0035249,3,53.69,NN,1,-0.29402
很,39.0035249,39.14241323,3,5979.28,AD,1,-0.48537
着急,39.14241323,39.52184807,3,20.87,VV,1,-0.41932
那么,40.31384807,40.52721159,3,1245.85,AD,1,-0.57917
刺,40.52721159,40.80984807,3,43.19,VV,1,-0.099855
有,41.04600036,41.19249589,3,8618.15,VE,1,-0.44008
用,41.42125315,41.54380167,3,1563.08,VV,1,-0.34044
小,42.72435249,42.90409033,3,1042.34,VA,1,-0.16272
王子,42.90409033,43.16144224,3,31.93,NN,1,-0.014875
提出,43.46781355,43.6720611,3,42.3,VV,1,-0.14418
问题,43.77009992,44.09784807,3,994.56,NN,1,-0.35917
从来,44.26846393,44.60184807,3,255.79,AD,1,-0.26401
不,44.60184807,44.71475303,3,20543.44,AD,1,-0.44199
会,44.71475303,44.80870691,3,7927.17,VV,1,-0.39566
放过,44.80870691,45.14584807,3,6.29,VV,1,-0.19785
螺丝,46.22618487,46.56984807,3,3.31,NN,1,-0.21829
使,46.70820908,46.86752217,3,146.51,VV,1,-0.34363
很,46.94805653,47.12370941,3,5979.28,AD,1,-0.41495
恼火,47.12370941,47.4995249,3,6.59,VA,1,-0.20195
于是,47.9652093,48.32984807,3,58.13,AD,1,-0.47452
就,48.53710243,48.66782086,3,8246.34,AD,1,-0.54737
随便,48.66782086,48.97827713,3,118.37,VA,1,-0.4962
回答,48.97827713,49.24788389,3,121.32,VV,1,-0.36129
刺,50.3485297,50.56094714,3,43.19,VV,1,-0.15312
么,50.56094714,50.72184807,3,1166.14,NN,1,-0.18436
用,51.38202228,51.51682566,3,1563.08,VV,1,-0.42507
都,51.51682566,51.58626982,3,5294.71,AD,1,-0.51198
没有,51.58626982,51.90584807,3,3226.48,VE,1,-0.41759
纯粹,52.41622643,52.80021181,3,13,VA,1,-0.34636
是,52.80021181,52.89825064,3,28253.52,VC,1,-0.38523
花,52.89825064,53.04939382,3,266.7,VV,1,-0.12523
恶劣,53.14743264,53.39661465,3,7.24,VA,1,-0.19948
表现,53.39661465,53.72184807,3,211.11,NN,1,-0.33485
可是,56.00149338,56.24250549,3,349.93,AD,1,-0.49654
沉默,56.36505402,56.66325543,3,21.28,VA,1,-0.29965
一会儿,56.72861465,56.9655418,3,99.53,NN,1,-0.21877
之后,56.9655418,57.30584807,3,330.85,AD,1,-0.37856
怀,57.66815336,57.77436208,3,21.05,VV,1,0.030145
着,57.77436208,57.88465576,3,2983.65,VV,1,-0.31756
不满,57.88465576,58.15426252,3,7.6,VA,1,-0.31063
心情,58.24821639,58.55458771,3,47.84,NN,1,-0.41424
冲,58.55458771,58.65938136,3,114.83,VV,1,-0.1114
说,58.74925028,58.95384807,3,6765.38,VV,1,-0.3878
不,59.86444188,60.01967001,3,20543.44,AD,1,-0.33607
信,60.01967001,60.32184807,3,222.08,NN,1,-0.17423
花,60.94584807,61.09365598,3,266.7,VV,1,-0.15146
是,61.09365598,61.22437441,3,28253.52,VC,1,-0.33632
弱小,61.22437441,61.60835979,3,3.64,VA,1,-0.33271
是,62.34365096,62.44577473,3,28253.52,VC,1,-0.55793
总是,63.75239633,64.0546827,3,254.93,AD,1,-0.49561
设法,64.0546827,64.34062926,3,14.19,VV,1,-0.18741
保护,64.34062926,64.66742533,3,211.47,VV,1,-0.26984
以为,65.46807571,65.66415336,3,494.3,VV,1,-0.37506
有,65.66415336,65.80304169,3,8618.15,VE,1,-0.51709
刺,65.92150527,66.23384807,3,43.19,VV,1,-0.15242
就,66.71110745,66.81323122,3,8246.34,AD,1,-0.40456
可以,66.81323122,67.07058313,3,2360.84,VV,1,-0.47971
显出,67.07058313,67.45048357,3,1.73,VV,1,-0.44865
厉害,67.79361944,68.15384807,3,75.48,VA,1,-0.28062
默不作声,69.35757103,69.97784807,3,0.15,NN,1,-0.18828
当时,70.62799076,70.84449316,3,206.73,NT,1,-0.28585
想,70.84449316,71.06099556,3,6325.1,VV,1,-0.44258
螺丝,72.0188526,72.28845936,3,3.31,NN,1,-0.22492
再,72.28845936,72.47228215,3,1684.82,AD,1,-0.35889
作对,72.6846996,72.96184807,3,3.34,VV,1,-0.30357
就,73.41590581,73.52211454,3,8246.34,AD,1,-0.7013
锤子,73.62584807,73.86116546,3,7.96,NN,1,-0.30669
敲,73.86116546,74.06541301,3,27.9,VV,1,-0.36493
掉,74.06541301,74.20430134,3,481.15,VV,1,-0.44301
小,75.00812686,75.22462926,3,1042.34,VA,1,-0.19488
王子,75.22462926,75.61784807,3,31.93,NN,1,-0.069727
又,75.84184807,75.95583548,3,1060.05,AD,1,-0.42796
来,75.95583548,76.09063886,3,5519.32,VV,1,-0.35371
打搅,76.09063886,76.35616067,3,13.35,VV,1,-0.037617
思绪,76.53589851,76.85452468,3,3.76,NN,1,-0.31745
却,77.47543722,77.69929197,3,397.84,AD,1,-0.4887
认为,77.69929197,78.03017299,3,754,VV,1,-0.19575
花,78.03017299,78.29784807,3,266.7,VV,1,-0.14307
算,78.54896176,78.86758793,3,397.57,VV,1,-0.2451
喊,79.87657081,80.05630865,3,41.49,VV,1,-0.25813
道,80.05630865,80.22379163,3,111.99,NN,1,-0.15694
算,80.84616568,81.14845205,3,397.57,VV,1,-0.51142
算,81.82246895,82.17377473,3,397.57,VV,1,-0.68825
是,84.38146416,84.48767288,3,28253.52,VC,1,-0.36437
随便,84.48767288,84.74093984,3,118.37,VA,1,-0.42086
回答,84.74093984,84.96152719,3,121.32,VV,1,-0.40773
可,85.64779894,85.76217757,3,1374.9,AD,1,-0.23321
有,85.76217757,85.87655619,3,8618.15,VE,1,-0.42648
正经,85.87655619,86.18701246,3,10.85,NN,1,-0.25658
事,86.18701246,86.24678226,3,2912.82,NN,1,-0.24115
要,86.24678226,86.40609535,3,7114.18,VV,1,-0.51211
做,86.40609535,86.57784807,3,3647.59,VV,1,-0.40791
惊讶,87.41916317,87.766384,3,48.98,VA,1,-0.33116
地,87.766384,87.85625292,3,536.84,NN,1,-0.3036
看,87.85625292,88.01965096,3,3056.83,VV,1,-0.42197
着,88.01965096,88.12177473,3,2983.65,VV,1,-0.37229
正经,89.13075761,89.58959295,3,10.85,NN,1,-0.31767
事,89.58959295,89.90584807,3,2912.82,NN,1,-0.49505
瞅,90.84775783,91.06017528,3,1.49,NN,1,-0.0078575
着,91.06017528,91.13778935,3,2983.65,VV,1,-0.49699
手,91.23174322,91.39514125,3,447.44,NN,1,-0.21679
拿,91.39514125,91.53402959,3,964.66,VV,1,-0.31755
锤子,91.53402959,91.92984807,3,7.96,NN,1,-0.31389
手指,92.30200036,92.6231924,3,29.93,NN,1,-0.4328
沾满,92.6231924,92.94181857,3,3.04,VV,1,-0.42948
油污,93.01126274,93.34584807,3,0.39,NN,1,-0.09916
伏,93.7057044,93.86910243,3,9.18,VV,1,-0.18235
看来,94.74328193,95.00184807,3,221.07,VV,1,-0.20253
丑,95.00184807,95.619355,3,26.05,NN,1,-0.25248
不,95.00184807,95.619355,3,20543.44,AD,1,-0.29159
可,95.00184807,95.619355,3,1374.9,AD,1,-0.25715
言,95.00184807,95.619355,3,31.12,NN,1,-0.22992
机件,95.68471421,96.03601999,3,0.36,NN,1,-0.24645
上,96.03601999,96.21984278,3,3409.33,VV,1,-0.40148
说话,97.15121159,97.58830134,3,267.84,VV,1,-0.30346
就,98.27375554,98.43715358,3,8246.34,AD,1,-0.46381
大人,98.80071421,99.14793504,3,82.99,NN,1,-0.24587
一样,99.14793504,99.50584807,3,860.33,VA,1,-0.50194
话,100.7778305,101.0842018,3,1189.39,NN,1,-0.30827
使,101.4918376,101.7165099,3,146.51,VV,1,-0.37449
有点,101.8308886,102.0106264,3,175.79,AD,1,-0.38179
难堪,102.0106264,102.4098481,3,16.99,NN,1,-0.35887
可是,103.1952622,103.3917845,3,349.93,AD,1,-0.49471
又,103.5388428,103.6573063,3,1060.05,AD,1,-0.35449
尖刻,103.6573063,104.2823038,3,1.07,VA,1,-0.33135
无情,103.6573063,104.2823038,3,9.3,VA,1,-0.25079
地,104.2823038,104.351748,3,536.84,NN,1,-0.35198
说,104.351748,104.5069761,3,6765.38,VV,1,-0.41002
道,104.5069761,104.6738481,3,111.99,NN,1,-0.15901
都,105.6385075,105.7814808,3,5294.71,AD,1,-0.45309
分,105.7814808,105.9612187,3,162.61,VV,1,-0.21004
不,105.9612187,106.0306628,3,20543.44,AD,1,-0.41017
清,106.0306628,106.2338481,3,84.9,VA,1,-0.09125
都,107.0433258,107.1372796,3,5294.71,AD,1,-0.61804
混,107.1372796,107.2884228,3,103.8,VV,1,-0.26185
一起,107.3782917,107.8338481,3,980.4,AD,1,-0.27282
着实,108.9662506,109.3338962,3,1.67,AD,1,-0.050445
非常,109.3338962,109.5871632,3,804.14,AD,1,-0.33541
恼火,109.5871632,109.9629787,3,6.59,VA,1,-0.14391
摇动,110.3306242,110.6574203,3,0.98,VV,1,-0.29608
着,110.6574203,110.7391193,3,2983.65,VV,1,-0.35544
脑袋,110.7391193,111.0818481,3,64.54,NN,1,-0.42772
金黄,111.4902506,111.9298481,3,0.36,VA,1,-0.24005
色,111.4902506,111.9298481,3,25.13,NN,1,-0.17198
头发,112.0090394,112.3538481,3,117.9,NN,1,-0.534
随,112.5237432,112.707566,3,59.62,VV,1,-0.077387
风,112.707566,112.8546242,3,54.37,NN,1,-0.20068
颤动,112.8546242,113.2181849,3,1.13,VV,1,-0.34661
着,113.2181849,113.3693281,3,2983.65,VV,1,-0.58244
到,114.5430225,114.7309302,3,4159.42,VV,1,-0.30198
过,114.7309302,114.833054,3,3350.21,VV,1,-0.33024
星球,115.0495564,115.4578481,3,43.34,NN,1,-0.23061
上面,115.8624616,116.1378481,3,159.87,NN,1,-0.34365
住,116.1378481,116.2587019,3,584.32,VV,1,-0.27038
着,116.2587019,116.3853354,3,2983.65,VV,1,-0.62052
红脸,116.5487334,116.9285662,3,0.6,NN,1,-0.064695
先生,116.9285662,117.2658481,3,1396.99,NN,1,0.060745
从来,117.8721899,118.198986,3,255.79,AD,1,-0.20894
没,118.198986,118.3582991,3,4754.83,AD,1,-0.35894
闻,118.3582991,118.5012723,3,69.66,VV,1,-0.050546
过,118.5012723,118.6360757,3,3350.21,VV,1,-0.58027
花,118.9138524,119.1138481,3,266.7,VV,1,-0.14859
从来,119.6491435,120.0018481,3,255.79,AD,1,-0.45539
没有,120.1858481,120.3932093,3,3226.48,VE,1,-0.4811
看,120.3932093,120.5770321,3,3056.83,VV,1,-0.33515
过,120.5770321,120.7281753,3,3350.21,VV,1,-0.56881
星星,120.9814422,121.4178481,3,19.58,NR,1,-0.2019
人,122.4424962,122.5977243,3,5810.26,NN,1,-0.28613
也,122.5977243,122.6916782,3,3928.9,AD,1,-0.36941
没有,122.6916782,122.9367753,3,3226.48,VE,1,-0.53708
喜欢,122.9367753,123.2799111,3,1375.58,VV,1,-0.371
过,123.2799111,123.4338481,3,3350.21,VV,1,-0.56755
算账,124.1745154,124.6034352,3,2.59,VV,1,-0.18543
以外,124.6034352,124.8898481,3,23.7,AD,1,-0.34085
也,125.5586754,125.6853089,3,3928.9,AD,1,-0.55627
没有,125.6853089,125.9018113,3,3226.48,VE,1,-0.55979
做,125.9018113,126.093804,3,3647.59,VV,1,-0.39449
过,126.093804,126.2738481,3,3350.21,VV,1,-0.56063
整天,127.0292577,127.4098481,3,33.09,AD,1,-0.39925
同,127.5970659,127.7338624,3,161,VA,1,-0.25862
一样,127.9217702,128.2485662,3,860.33,VA,1,-0.48388
老是,128.2485662,128.518173,3,12.55,AD,1,-0.37124
说,128.518173,128.7218481,3,6765.38,VV,1,-0.43032
有,129.3433331,129.5353258,3,8618.15,VE,1,-0.52536
正经,129.5353258,129.9724155,3,10.85,NN,1,-0.34208
事,129.9724155,130.2098481,3,2912.82,NN,1,-0.30935
是,130.5565635,130.7117916,3,28253.52,VC,1,-0.52065
严肃,130.8425101,131.229508,3,21.25,VA,1,-0.50016
人,131.3234619,131.4658481,3,5810.26,NN,1,-0.3856
使,132.8308088,132.9574422,3,146.51,VV,1,-0.29534
傲气,133.1290102,133.4272116,3,0.3,NN,1,-0.13647
十足,133.4272116,133.8418481,3,11.57,VA,1,-0.38901
简直,134.2955249,134.6835952,3,144.37,AD,1,-0.45601
不,134.6835952,134.789804,3,20543.44,AD,1,-0.46632
像,134.789804,134.9450321,3,1497.29,AD,1,-0.37389
是,134.9450321,135.0675806,3,28253.52,VC,1,-0.58907
人,135.1451947,135.3138481,3,5810.26,NN,1,-0.52144
是,135.7456825,135.8396363,3,28253.52,VC,1,-0.57765
蘑菇,135.9335902,136.3458481,3,6.68,NN,1,-0.19553
是,137.1058481,137.2407142,3,28253.52,VC,1,-0.74269
是,138.2251874,138.4457747,3,28253.52,VC,1,-0.84182
蘑菇,138.5315587,139.0658481,3,6.68,NN,1,-0.28492
小,140.131872,140.3442895,3,1042.34,VA,1,-0.23707
王子,140.3442895,140.7895491,3,31.93,NN,1,-0.073064
当时,141.1408549,141.3859519,3,206.73,NT,1,-0.2482
气,141.3859519,141.54935,3,115.18,NN,1,-0.20425
得,141.54935,141.6678136,3,3135.62,VV,1,-0.24326
脸色,141.6678136,141.9578451,3,9.36,NN,1,-0.24498
发,141.9578451,142.133498,3,188.48,VV,1,-0.13192
白,142.133498,142.4258481,3,80.01,VA,1,-0.19539
年,144.3086631,144.4271266,3,913.6,NN,1,-0.16625
花儿,145.1618481,145.3946827,3,3.22,NN,1,-0.19755
都,145.3946827,145.5866754,3,5294.71,AD,1,-0.3475
制造,145.7500734,146.0564447,3,47.75,VV,1,-0.16038
着,146.0564447,146.1626535,3,2983.65,VV,1,-0.30777
刺,146.1626535,146.4258481,3,43.19,VV,1,-0.18959
年,147.3391193,147.5147722,3,913.6,NN,1,-0.33051
羊,148.2578481,148.4160419,3,20.78,NN,1,-0.2063
仍然,148.4160419,148.7469229,3,87.1,AD,1,-0.33964
吃,148.8776414,149.0287845,3,832.07,VV,1,-0.29145
花,149.0287845,149.2575418,3,266.7,VV,1,-0.1701
要,149.7378481,149.8580296,3,7114.18,VV,1,-0.38531
搞,149.8580296,150.0173427,3,544.41,VV,1,-0.34324
清楚,150.0173427,150.323714,3,293.2,VA,1,-0.17155
为什么,150.323714,150.7648887,3,1522.16,AD,1,-0.45003
花儿,150.7648887,151.0053381,3,3.22,NN,1,-0.28192
费,151.0053381,151.1401415,3,34.04,NN,1,-0.068418
那么,151.1401415,151.3852385,3,1245.85,AD,1,-0.4122
大,151.3852385,151.5322968,3,1343.24,VA,1,-0.18719
劲儿,151.5322968,151.7378481,3,6.71,NN,1,-0.082322
给,151.9698481,152.0510855,3,3494.19,VV,1,-0.36368
制造,152.3043525,152.5657893,3,47.75,VV,1,-0.17816
没有,152.5657893,152.8680757,3,3226.48,VE,1,-0.41369
用,153.0886631,153.2275514,3,1563.08,VV,1,-0.39369
刺,153.3500999,153.5938481,3,43.19,VV,1,-0.041959
难道,154.1889837,154.4831001,3,175.13,AD,1,-0.32817
不,154.4831001,154.5852239,3,20543.44,AD,1,-0.49349
是,154.5852239,154.6791778,3,28253.52,VC,1,-0.46877
正经,154.6791778,155.0223137,3,10.85,NN,1,-0.23397
事儿,155.0223137,155.2178481,3,104,NN,1,-0.11567
难道,155.8719835,156.1701849,3,175.13,AD,1,-0.39905
羊,156.1701849,156.3298481,3,20.78,NN,1,-0.17138
花,156.4561314,156.6276994,3,266.7,VV,1,-0.17036
之间,156.6276994,156.8851536,3,185.18,NN,1,-0.21764
战争,156.9586827,157.2898481,3,92.26,NN,1,-0.18395
不,157.2898481,157.3876025,3,20543.44,AD,1,-0.59248
重要,157.3876025,157.7778481,3,348.08,VA,1,-0.20959
难道,158.596748,158.9298481,3,175.13,AD,1,-0.39004
不,159.2738481,159.3808357,3,20543.44,AD,1,-0.56143
大,159.7239716,159.8832847,3,1343.24,VA,1,-0.23784
胖子,159.8832847,160.1447215,3,20,NN,1,-0.11652
红,160.1447215,160.3203744,3,87.4,VA,1,-0.17505
脸,160.3203744,160.4551778,3,151.82,NN,1,-0.28491
先生,160.4551778,160.6961899,3,1396.99,NN,1,0.011441
账目,160.7942287,161.0720054,3,1.43,NN,1,-0.11432
更,161.0720054,161.2639981,3,961.44,AD,1,-0.32693
重要,161.2639981,161.6178481,3,348.08,VA,1,-0.38796
认识,162.898173,163.1922895,3,426.39,VV,1,-0.23982
人世,163.482321,163.7519277,3,3.73,NN,1,-0.17293
花,164.2898481,164.4738481,3,266.7,VV,1,-0.18282
只有,164.9858481,165.2557313,3,206.16,AD,1,-0.27088
星球,165.4558939,165.7581803,3,43.34,NN,1,-0.17199
上,165.7581803,165.9174934,3,3409.33,VV,1,-0.35145
有,165.9174934,166.0441269,3,8618.15,VE,1,-0.47654
地方,166.7058889,166.9714107,3,696.29,NN,1,-0.40543
都,166.9714107,167.1348088,3,5294.71,AD,1,-0.48597
不,167.1348088,167.2328476,3,20543.44,AD,1,-0.41281
存在,167.2328476,167.6045781,3,108.12,VV,1,-0.45289
而,168.1356217,168.2987823,3,1173.92,AD,1,-0.45125
只,168.4131609,168.5316245,3,2167.08,AD,1,-0.55691
小,168.5316245,168.7522118,3,1042.34,VA,1,-0.2179
羊,168.7522118,168.9378481,3,20.78,NN,1,-0.14781
糊里糊涂,169.2178481,169.7080903,3,0.66,VV,1,-0.14865
就,169.7080903,169.8306389,3,8246.34,AD,1,-0.49881
这样,169.8306389,170.0818481,3,1916.59,VA,1,-0.46155
一下子,170.2963233,170.6639688,3,11.48,AD,1,-0.37997
毁掉,170.6639688,171.0316144,3,4.5,VV,1,-0.29038
难道,171.7491244,171.9983064,3,175.13,AD,1,-0.40678
不,171.9983064,172.1045151,3,20543.44,AD,1,-0.45757
重要,172.1045151,172.4578481,3,348.08,VA,1,-0.21591
脸,174.1744132,174.4498481,3,151.82,NN,1,-0.38848
气,174.7585612,174.9298481,3,115.18,NN,1,-0.31945
得,174.9298481,175.0077432,3,3135.62,VV,1,-0.41697
发红,175.0077432,175.4018481,3,0.48,VV,1,-0.27194
然后,176.0258481,176.2774911,3,886.89,AD,1,-0.32424
又,176.2774911,176.4000397,3,1060.05,AD,1,-0.33341
接着,176.4000397,176.6124571,3,64.06,AD,1,-0.41877
说道,176.6124571,176.9378481,3,3.16,VV,1,-0.30129
有,178.2586923,178.4180054,3,8618.15,VE,1,-0.39644
人,178.4180054,178.5650637,3,5810.26,NN,1,-0.33358
爱上,178.5650637,178.9694738,3,46.86,VV,1,-0.078308
星星,180.2969325,180.6564082,3,19.58,NR,1,-0.1367
中,180.6564082,180.8034664,3,1039.21,NR,1,-0.29987
独一无二,180.8034664,181.3998693,3,10.43,VV,1,-0.20446
花,181.7322895,181.9378481,3,266.7,VV,1,-0.16286
看,182.9173239,183.072552,3,3056.83,VV,1,-0.39786
着,183.072552,183.1828457,3,2983.65,VV,1,-0.35592
星星,183.4279427,183.738399,3,19.58,NR,1,-0.47218
时候,183.7996733,184.1778481,3,1555.33,NN,1,-0.38586
就,184.9230348,185.0414984,3,8246.34,AD,1,-0.399
足以,185.0414984,185.3396998,3,16.57,VV,1,-0.17891
使,185.3396998,185.4581633,3,146.51,VV,1,-0.30893
感到,185.568457,185.8262726,3,197.1,VV,1,-0.32879
幸福,185.8262726,186.2658481,3,64.12,VA,1,-0.24925
可以,186.9251244,187.1865612,3,2360.84,VV,1,-0.4742
自言自语,187.1865612,187.7216898,3,3.7,NN,1,-0.30821
地,187.7216898,187.8278985,3,536.84,NN,1,-0.35932
说,187.8278985,188.0418481,3,6765.38,VV,1,-0.34874
花,189.3230855,189.5218481,3,266.7,VV,1,-0.078841
就,189.9358282,190.0420369,3,8246.34,AD,1,-0.62967
其中,190.1605005,190.4627868,3,137.21,NN,1,-0.23363
星星,190.7528184,191.1000392,3,19.58,NR,1,-0.16552
上,191.1000392,191.2738481,3,3409.33,VV,1,-0.38924
但是,192.1778481,192.457139,3,1571.49,AD,1,-0.4894
羊,192.7390006,192.9138481,3,20.78,NN,1,-0.16761
吃,193.1679204,193.4988015,3,832.07,VV,1,-0.41332
掉,193.1679204,193.4988015,3,481.15,VV,1,-0.43431
花,193.8255975,194.0098481,3,266.7,VV,1,-0.36468
对,194.4873596,194.5739254,3,3958.83,VA,1,-0.33799
来,194.6801342,194.8231075,3,5519.32,VV,1,-0.36372
说,194.8231075,195.0178481,3,6765.38,VV,1,-0.34098
好像,195.358236,195.5992481,3,334.28,AD,1,-0.50659
星星,196.0199981,196.3304543,3,19.58,NR,1,-0.19383
一下子,196.3304543,196.7348645,3,11.48,AD,1,-0.46894
全,196.7348645,196.9554518,3,229.32,VA,1,-0.11876
都,196.9554518,197.0984251,3,5294.71,AD,1,-0.46353
熄灭,197.0984251,197.4648211,3,4.17,VV,1,-0.37795
一样,197.5791997,197.8098481,3,860.33,VA,1,-0.47656
难道,198.5881826,198.9378481,3,175.13,AD,1,-0.48856
也,199.2978481,199.4418481,3,3928.9,AD,1,-0.49719
不,199.4418481,199.556316,3,20543.44,AD,1,-0.39006
重要,199.556316,199.8463475,3,348.08,VA,1,-0.22922
无法,201.5513185,201.8576898,3,245.21,AD,1,-0.40629
再,201.8576898,201.9924932,3,1684.82,AD,1,-0.32381
说,201.9924932,202.1640611,3,6765.38,VV,1,-0.42062
下去,202.1640611,202.4745174,3,231.53,VV,1,-0.41842
突然,203.4555322,203.8313477,3,130.15,AD,1,-0.2889
泣不成声,203.8313477,204.5707238,3,0.09,VV,1,-0.20498
夜幕,205.8418481,206.1398647,3,1.49,NN,1,-0.048322
已经,206.1398647,206.3767919,3,1543.29,AD,1,-0.53058
降临,206.3767919,206.7378481,3,12.46,VV,1,-0.11586
放下,207.442964,207.7084859,3,94.08,VV,1,-0.37669
手,207.7084859,207.8473742,3,447.44,NN,1,-0.19704
中,207.8473742,207.945413,3,1039.21,NR,1,-0.25994
工具,208.031197,208.3938481,3,31.15,NN,1,-0.16657
锤子,209.1529471,209.5859519,3,7.96,NN,1,-0.36685
螺钉,209.8258481,210.1618481,3,0.57,NN,1,-0.21204
饥渴,210.7058481,211.1298481,3,5.01,VV,1,-0.27712
死亡,211.5492869,212.0978481,3,127.41,VV,1,-0.2631
全都,212.4152965,212.8278766,3,47.69,AD,1,-0.35659
抛,212.8278766,213.1056532,3,25.43,VV,1,-0.32014
脑,213.1056532,213.5175783,3,54.01,NN,1,-0.21511
后,213.1056532,213.5175783,3,656.34,AD,1,-0.29243
星球,214.7757432,215.0984543,3,43.34,NN,1,-0.2156
上,215.0984543,215.2658481,3,3409.33,VV,1,-0.34827
行星,216.2631221,216.6144278,3,10.31,NN,1,-0.30989
上,216.6144278,216.7858481,3,3409.33,VV,1,-0.54756
行星,217.6887699,217.9951413,3,10.31,NN,1,-0.49405
上,217.9951413,218.1698481,3,3409.33,VV,1,-0.64579
地球,218.8815756,219.2328814,3,68.35,NN,1,-0.5362
上,219.2328814,219.4178481,3,3409.33,VV,1,-0.72288
有,219.9698481,220.0912481,3,8618.15,VE,1,-0.32613
小,220.2832408,220.4752335,3,1042.34,VA,1,-0.17788
王子,220.4752335,220.7162456,3,31.93,NN,1,0.0077929
需要,220.7162456,220.9776825,3,1322.4,VV,1,-0.30355
安慰,220.9776825,221.349413,3,23.28,VV,1,-0.16789
抱,222.5767142,222.8381511,3,66.74,VV,1,-0.15064
怀里,222.8381511,223.2498481,3,4.59,NN,1,-0.24445
摇,223.6738481,223.8498481,3,20.66,VV,1,-0.2263
着,223.8498481,223.9696825,3,2983.65,VV,1,-0.42973
对,224.6232746,224.7026124,3,3958.83,VA,1,-0.41947
说,224.8333308,225.0498481,3,6765.38,VV,1,-0.3861
爱,226.0547311,226.1813646,3,927.73,VV,1,-0.26868
花,226.4918209,226.647049,3,266.7,VV,1,-0.15528
没有,226.647049,226.9207407,3,3226.48,VE,1,-0.3851
危险,226.9207407,227.2802164,3,170.24,VA,1,-0.32251
给,228.0364667,228.1590152,3,3494.19,VV,1,-0.40246
小羊,228.3877724,228.7778481,3,0.06,NN,1,-0.13806
画,228.7778481,229.0372796,3,113.13,NN,1,-0.25991
罩子,229.2129325,229.6500223,3,0.36,NN,1,-0.11083
给,230.3975683,230.503777,3,3494.19,VV,1,-0.60557
花,230.7070928,230.9138481,3,266.7,VV,1,-0.41569
画,231.2503913,231.4738481,3,113.13,NN,1,-0.44082
盔甲,231.7691801,232.0387868,3,3.55,NN,1,-0.25631
也,234.5944397,234.6924785,3,3928.9,AD,1,-0.31989
不,234.6924785,234.7946023,3,20543.44,AD,1,-0.30558
太,234.7946023,234.9416606,3,1942.11,AD,1,-0.21653
知道,234.9416606,235.1499931,3,5864.84,VV,1,-0.29341
说,235.2592993,235.4390371,3,6765.38,VV,1,-0.39459
觉得,236.5460588,236.7748161,3,1521.68,VV,1,-0.58816
太,236.9790636,237.2037359,3,1942.11,AD,1,-0.48791
笨拙,237.2037359,237.5713815,3,4.53,VA,1,-0.4282
不,238.1997944,238.2978332,3,20543.44,AD,1,-0.57999
知道,238.2978332,238.5538481,3,5864.84,VV,1,-0.53179
怎样,238.8860661,239.2006073,3,284.05,VA,1,-0.3365
才,239.2006073,239.3313258,3,1094.48,AD,1,-0.29071
能,239.3313258,239.4334495,3,4967.91,VV,1,-0.2797
达到,239.4334495,239.6622068,3,35.65,VV,1,-0.17042
境界,239.9440684,240.2978481,3,2.77,NN,1,-0.24017
怎样,240.9378481,241.1524667,3,284.05,VA,1,-0.50232
才,241.1524667,241.2831851,3,1094.48,AD,1,-0.4817
能,241.2831851,241.3853089,3,4967.91,VV,1,-0.5488
再,241.3853089,241.5323671,3,1684.82,AD,1,-0.36735
进入,241.5323671,241.8019739,3,163.65,VV,1,-0.2622
境界,242.0756656,242.4578481,3,2.77,NN,1,-0.40132
泪水,244.6898481,245.0557432,3,4.38,NN,1,-0.3493
世界,245.1456121,245.5218481,3,349.4,NN,1,-0.35739
是,245.9666873,246.0974057,3,28253.52,VC,1,-0.32502
多么,246.0974057,246.3852605,3,87.79,AD,1,-0.37768
神秘,246.3852605,246.7733308,3,39.91,VA,1,-0.26644
很,247.9007772,248.0846,3,5979.28,AD,1,-0.40258
快,248.0846,248.337867,3,1595.1,VA,1,-0.24067
就,248.8648257,248.9792043,3,8246.34,AD,1,-0.47071
进一步,248.9792043,249.3672746,3,18.18,AD,1,-0.22791
了解,249.3672746,249.6448914,3,301.88,VV,1,-0.35366
花儿,249.9512627,250.1698481,3,3.22,NN,1,-0.17101
小,251.0174349,251.2012577,3,1042.34,VA,1,-0.21034
王子,251.2012577,251.4831193,3,31.93,NN,1,-0.039548
星球,251.5525635,251.8793596,3,43.34,NN,1,-0.3158
上,251.8793596,252.0578481,3,3409.33,VV,1,-0.28726
过去,252.6394546,252.8845516,3,401.98,NT,1,-0.38903
一直,252.8845516,253.105139,3,731.85,AD,1,-0.3208
都,253.105139,253.2072627,3,5294.71,AD,1,-0.48738
生长,253.2072627,253.5708234,3,8.5,VV,1,-0.1924
着,253.5708234,253.7218481,3,2983.65,VV,1,-0.34822
只有,254.183566,254.4654276,3,206.16,AD,1,-0.4009
层,254.5512116,254.7146096,3,51.15,NN,1,-0.14721
花瓣,254.7146096,255.0495756,3,2.53,NN,1,-0.30268
很,255.3053235,255.431957,3,5979.28,AD,1,-0.40762
简单,255.431957,255.7750928,3,151.7,VA,1,-0.36645
花,255.8690467,256.0738481,3,266.7,VV,1,-0.17055
花,257.0338481,257.1558062,3,266.7,VV,1,-0.35102
非常,257.1558062,257.429498,3,804.14,AD,1,-0.47761
小,257.429498,257.6738481,3,1042.34,VA,1,-0.21978
一点儿,258.0738481,258.3991851,3,28.05,AD,1,-0.32029
也,258.3991851,258.5135637,3,3928.9,AD,1,-0.34544
不,258.5135637,258.6197724,3,20543.44,AD,1,-0.41592
占,258.6197724,258.7831705,3,24.92,VV,1,-0.080372
地方,258.7831705,259.0898481,3,696.29,NN,1,-0.32806
从来,259.5552262,259.8575126,3,255.79,AD,1,-0.23209
也,259.8575126,259.9841461,3,3928.9,AD,1,-0.57104
不,259.9841461,260.074015,3,20543.44,AD,1,-0.60288
会,260.074015,260.1843086,3,7927.17,VV,1,-0.3942
去,260.1843086,260.3354518,3,4860.53,VV,1,-0.33959
打搅,260.3354518,260.6213984,3,13.35,VV,1,0.06945
人,260.9315395,261.0978481,3,5810.26,NN,1,-0.40775
早晨,262.0303913,262.4738481,3,30.64,NT,1,-0.18448
草丛,262.7983621,263.1700926,3,1.25,NN,1,-0.20151
中,263.1700926,263.304896,3,1039.21,NR,1,-0.39838
开放,263.304896,263.6578481,3,12.55,VA,1,-0.16393
晚上,264.2658481,264.6018481,3,285.39,NT,1,-0.44474
就,264.6018481,264.6942141,3,8246.34,AD,1,-0.43077
凋谢,264.6942141,265.1378481,3,1.1,VV,1,-0.20511
不,266.2345128,266.3243817,3,20543.44,AD,1,-0.36841
知,266.3243817,266.4265055,3,109.91,VV,1,0.034788
来,267.1058481,267.1944763,3,5519.32,VV,1,-0.30045
种子,267.4926777,267.8818481,3,6.11,NN,1,-0.17639
忽然,268.4158766,268.654173,3,7.33,AD,1,-0.28031
一天,268.654173,268.9618481,3,0.21,AD,1,-0.37293
种子,269.1729618,269.3935491,3,6.11,NN,1,-0.38741
发,269.3935491,269.5446923,3,188.48,VV,1,-0.25539
芽,269.6427311,269.8418481,3,1.94,NN,1,-0.1946
小,270.4638062,270.5986096,3,1042.34,VA,1,-0.18214
王子,270.5986096,270.8477916,3,31.93,NN,1,-0.11899
特别,270.8477916,271.1745877,3,212.57,VA,1,-0.1254
仔细,271.1745877,271.4627046,3,50.56,VA,1,-0.19847
地,271.4627046,271.5525735,3,536.84,NN,1,-0.21095
监视,271.5525735,271.8589449,3,62.12,NN,1,0.013385
着,271.8589449,271.9651536,3,2983.65,VV,1,-0.23569
与众不同,272.5458481,273.1457044,3,19.47,VV,1,-0.2403
小苗,273.2233185,273.6018481,3,0.03,NN,1,-0.097873
玩意,274.2118766,274.6018481,3,69.58,NN,1,-0.17324
说不定,274.9098962,275.3224763,3,29,AD,1,-0.23319
是,275.3224763,275.4450248,3,28253.52,VC,1,-0.29012
种,275.5062991,275.6574422,3,468.48,VV,1,-0.19444
新,275.6574422,275.8984543,3,515.43,VA,1,-0.20243
但是,277.3668453,277.7458481,3,1571.49,AD,1,-0.37672
小苗,278.2818743,278.5858481,3,0.03,NN,1,0.050226
不久,278.5858481,278.8782771,3,25.84,NT,1,-0.03751
就,278.8782771,278.9844859,3,8246.34,AD,1,-0.41701
不,278.9844859,279.1192892,3,20543.44,AD,1,-0.39995
再,279.1192892,279.2745174,3,1684.82,AD,1,-0.38956
长,279.2745174,279.4951047,3,362.87,VA,1,-0.18477
而且,280.0545904,280.4498481,3,578.42,AD,1,-0.59218
开始,280.7653719,281.0513185,3,957.66,VV,1,-0.43105
孕育,281.0513185,281.3168403,3,1.85,VV,1,-0.050733
花朵,281.6109567,282.0317067,3,3.61,NN,1,-0.22667
看到,282.8625904,283.1158574,3,798.38,VV,1,-0.38856
苗,283.4467384,283.6428161,3,1.58,NR,1,0.01834
上,283.6428161,283.8418481,3,3409.33,VV,1,-0.42063
长,284.063566,284.231049,3,362.87,VA,1,-0.41807
出,284.231049,284.3576825,3,1275.36,VV,1,-0.29486
很,284.647714,284.8601314,3,5979.28,AD,1,-0.35966
大,284.8601314,285.0153596,3,1343.24,VA,1,-0.20742
很,285.0153596,285.1828426,3,5979.28,AD,1,-0.5336
大,285.1828426,285.2978481,3,1343.24,VA,1,-0.38373
花蕾,285.3659108,285.7858481,3,0.57,NN,1,-0.18696
小,286.3912335,286.5423767,3,1042.34,VA,1,-0.31654
王子,286.5423767,286.8978481,3,31.93,NN,1,-0.071621
感觉,287.1265247,287.3634518,3,635.39,VV,1,-0.36587
到,287.3634518,287.4900853,3,4159.42,VV,1,-0.26172
花苞,287.8413911,288.1462506,3,0.03,NN,1,-0.22728
中,288.1462506,288.2892239,3,1039.21,NR,1,-0.33202
一定,288.4689618,288.6609545,3,604.33,AD,1,-0.36193
会,288.6609545,288.7630782,3,7927.17,VV,1,-0.39762
出现,288.7630782,289.0245151,3,218.26,VV,1,-0.31405
奇迹,289.2124228,289.7698481,3,40.72,NN,1,-0.19118
然而,290.6898481,290.9080346,3,27.22,AD,1,-0.4489
花儿,291.1613016,291.4098481,3,3.22,NN,1,-0.16204
藏,291.8639131,292.0518209,3,117.24,VV,1,-0.077797
房间,292.8892358,293.2527964,3,214.87,NN,1,-0.2982
中,293.2527964,293.4018481,3,1039.21,NR,1,-0.61362
用,293.6578481,293.7393404,3,1563.08,VV,1,-0.37661
很,293.8210394,294.0130321,3,5979.28,AD,1,-0.38506
长,294.0130321,294.2295345,3,362.87,VA,1,-0.15612
时间,294.274469,294.5604155,3,915.24,NN,1,-0.30758
来,294.5604155,294.6502844,3,5519.32,VV,1,-0.34453
打扮,294.6502844,294.9858481,3,29.21,VV,1,-0.30715
精心,296.1712774,296.4776487,3,8.29,AD,1,-0.39372
选择,296.4776487,296.8371244,3,235.05,VV,1,-0.40503
着,296.8371244,297.0178481,3,2983.65,VV,1,-0.38497
将来,297.2742141,297.5765005,3,27.1,NT,1,-0.33148
颜色,297.6500296,298.1138481,3,50.77,NN,1,-0.36865
地,299.2201049,299.3712481,3,536.84,NN,1,-0.30574
装饰,299.3712481,299.7715733,3,15.05,VV,1,-0.28958
着,299.7715733,299.8978481,3,2983.65,VV,1,-0.56278
片,300.5272892,300.7233669,3,137.03,NN,1,-0.065214
片,300.7233669,300.8990198,3,137.03,NN,1,-0.3062
地,300.8990198,301.0418481,3,536.84,NN,1,-0.4518
搭配,301.2178481,301.5058481,3,6.35,VV,1,-0.17644
着,301.5058481,301.5958501,3,2983.65,VV,1,-0.47182
花瓣,301.8123525,302.1698481,3,2.53,NN,1,-0.37836
不,303.0689458,303.2323439,3,20543.44,AD,1,-0.30848
愿,303.2323439,303.3426376,3,81.65,VV,1,-0.13359
像,303.3426376,303.4856108,3,1497.29,AD,1,-0.35092
那样,303.9472103,304.2045622,3,521.51,VA,1,-0.38322
出世,304.3843,304.7029262,3,2.62,VV,1,-0.075535
就,304.7029262,304.7723704,3,8246.34,AD,1,-0.40033
满,304.7723704,304.9194286,3,98.7,VA,1,-0.15368
脸,304.9194286,305.0664868,3,151.82,NN,1,-0.41922
皱纹,305.0664868,305.4258481,3,3.61,NN,1,-0.35385
要,306.2524374,306.3668161,3,7114.18,VV,1,-0.45031
让,306.3668161,306.5220442,3,3690.67,VV,1,-0.46719
带,307.0816825,307.1960611,3,926.15,VV,1,-0.30153
着,307.1960611,307.290015,3,2983.65,VV,1,-0.41402
丽,308.1195937,308.515834,3,29.99,NN,1,-0.017334
姿,308.1195937,308.515834,3,3.31,NN,1,-0.1876
来到,308.515834,308.846715,3,99.59,VV,1,-0.18133
世间,308.846715,309.2338481,3,5.31,NN,1,-0.23359
是,309.9823314,310.1755468,3,28253.52,VC,1,-0.34126
是,310.910838,311.0252166,3,28253.52,VC,1,-0.5539
非常,311.0252166,311.3724374,3,804.14,AD,1,-0.40916
爱,311.3724374,311.4978481,3,927.73,VV,1,-0.20727
俏,311.4978481,311.8013573,3,3.16,VA,1,-0.04113
用,312.6416974,312.7724158,3,1563.08,VV,1,-0.21328
日子,313.5483041,313.8898481,3,93.48,NN,1,-0.33051
天仙,314.1692166,314.5695418,3,0.39,NN,1,-0.12508
般,314.5695418,314.6594107,3,45.49,VA,1,-0.31602
地,314.6594107,314.7778743,3,536.84,NN,1,-0.2647
梳妆,314.7778743,315.1218481,3,0.51,VV,1,0.04856
打扮,315.1218481,315.4578481,3,29.21,VV,1,-0.44792
然后,316.3487361,316.5815783,3,886.89,AD,1,-0.24059
天,316.7817409,316.9696487,3,1510.14,NN,1,-0.23157
早晨,317.0390928,317.4658481,3,30.64,NT,1,-0.30819
恰好,317.8111486,318.1134349,3,8.02,AD,1,-0.29752
太阳,318.2400684,318.52193,3,42.3,NN,1,-0.25849
升起,318.52193,318.8487261,3,7.24,VV,1,-0.40354
时候,318.9345101,319.3059401,3,1555.33,NN,1,-0.41272
开放,320.0657409,320.5028307,3,12.55,VA,1,-0.095546
已经,321.4382844,321.724231,3,1543.29,AD,1,-0.30239
精细,321.724231,322.1041314,3,1.01,VA,1,-0.16516
地,322.1041314,322.2338481,3,536.84,NN,1,-0.31378
做,322.4962867,322.6278866,3,3647.59,VV,1,-0.30028
那么,322.7259254,322.9873623,3,1245.85,AD,1,-0.42437
长,322.9873623,323.1916099,3,362.87,VA,1,-0.19961
准备,323.2569691,323.5633404,3,661.83,VV,1,-0.38134
工作,323.5633404,323.8978481,3,899.97,NN,1,-0.41274
却,324.5396437,324.6662771,3,397.84,AD,1,-0.43874
打,324.6662771,324.8051655,3,930.74,VV,1,-0.26265
着,324.8051655,324.8786946,3,2983.65,VV,1,-0.327
哈欠,324.8786946,325.1891508,3,0.27,NR,1,0.0024347
说,325.1891508,325.3525489,3,6765.38,VV,1,-0.40611
道,325.3525489,325.5486265,3,111.99,NN,1,-0.13211
刚刚,326.4305912,326.6920281,3,191.44,AD,1,-0.35845
睡醒,326.6920281,327.1298481,3,1.46,VV,1,-0.074439
真,327.4436591,327.5948022,3,3053.82,VA,1,-0.11932
对不起,327.5948022,328.1298481,3,612.52,VV,1,-0.23335
瞧,328.6069302,328.8356875,3,138.14,VV,1,-0.33256
头发,329.0031705,329.3938481,3,117.9,NN,1,-0.29597
还是,329.6812723,329.9304543,3,596.13,AD,1,-0.37163
乱蓬蓬,329.9304543,330.4860077,3,0.09,NR,1,-0.031171
小,331.1884667,331.3927142,3,1042.34,VA,1,-0.20824
王子,331.3927142,331.7698481,3,31.93,NN,1,-0.15413
这时,332.0013719,332.2505539,3,10.43,AD,1,-0.34231
再也,332.2505539,332.5324155,3,7.04,NR,1,-0.23222
控制,332.5324155,332.8178481,3,164.99,VV,1,-0.14646
不,332.8178481,332.9572504,3,20543.44,AD,1,-0.28182
住,332.9572504,333.1058481,3,584.32,VV,1,-0.30468
爱慕,333.6394372,333.9331463,3,2.92,VV,1,-0.25776
心情,333.9331463,334.4098481,3,47.84,NN,1,-0.29849
是,335.4364082,335.7058481,3,28253.52,VC,1,-0.30923
多么,335.9858481,336.3269275,3,87.79,AD,1,-0.30765
美丽,336.3269275,336.7236245,3,75.83,VA,1,-0.23945
花儿,337.6141438,337.9531947,3,3.22,NN,1,-0.29383
悠然自得,337.9531947,338.5455126,3,0.06,VV,1,-0.17682
地,338.5455126,338.6476363,3,536.84,NN,1,-0.27997
说,338.6476363,338.8658481,3,6765.38,VV,1,-0.36557
是,339.5764667,339.8501584,3,28253.52,VC,1,-0.5255
是,340.7529325,340.9081607,3,28253.52,VC,1,-0.68372
太阳,341.0184543,341.4258481,3,42.3,NN,1,-0.22937
同时,341.4258481,341.9457382,3,93.75,AD,1,-0.30787
出生,341.9457382,342.3774157,3,52.26,VV,1,-0.03635
小,343.4926073,343.7050248,3,1042.34,VA,1,-0.23967
王子,343.7050248,344.1698481,3,31.93,NN,1,-0.12131
看出,344.1698481,344.522015,3,11.92,VV,1,-0.264
花儿,344.767112,344.9218481,3,3.22,NN,1,-0.11523
不,344.9218481,345.0367188,3,20543.44,AD,1,-0.35411
太,345.0367188,345.1919469,3,1942.11,AD,1,-0.19685
谦虚,345.1919469,345.6818481,3,5.34,VA,1,-0.33254
可是,346.2914884,346.5161607,3,349.93,AD,1,-0.36565
确实,346.6427941,347.0512892,3,227.45,VA,1,-0.40259
丽,347.0512892,347.3494907,3,29.99,NN,1,-0.018747
姿,347.0512892,347.3494907,3,3.31,NN,1,-0.11048
动人,347.3494907,347.7298481,3,5.72,VV,1,-0.32278
随后,348.4864836,348.7969398,3,8.97,AD,1,-0.023281
又,348.7969398,348.9399131,3,1060.05,AD,1,-0.28954
说,348.9399131,349.1319058,3,6765.38,VV,1,-0.36278
道,349.1319058,349.2818481,3,111.99,NN,1,-0.15923
现在,350.1286338,350.7374788,3,2626.8,NT,1,-0.33125
是,351.0234253,351.1500588,3,28253.52,VC,1,-0.35797
吃,351.1500588,351.2930321,3,832.07,VV,1,-0.27967
早点,351.2930321,351.713782,3,15.95,AD,1,-0.33423
时候,351.8240757,352.1181922,3,1555.33,NN,1,-0.4201
请,353.0250613,353.2252239,3,912.11,VV,1,-0.31097
也,353.6827384,353.7766923,3,3928.9,AD,1,-0.49784
想,353.7766923,354.0338481,3,6325.1,VV,1,-0.44981
着,354.0338481,354.1116583,3,2983.65,VV,1,-0.33209
给,354.1116583,354.2709714,3,3494.19,VV,1,-0.4212
准备,354.4752189,354.7611655,3,661.83,VV,1,-0.39759
小,355.9717021,356.1882045,3,1042.34,VA,1,-0.17703
王子,356.1882045,356.6338481,3,31.93,NN,1,-0.052011
很,356.8581365,357.0705539,3,5979.28,AD,1,-0.38113
不好意思,357.3858481,358.1367261,3,143.23,VV,1,-0.34514
于是,358.7858481,358.9864132,3,58.13,AD,1,-0.46402
就,358.9864132,359.0721972,3,8246.34,AD,1,-0.55628
拿,359.0721972,359.2274253,3,964.66,VV,1,-0.28035
着,359.2274253,359.3091244,3,2983.65,VV,1,-0.52711
喷壶,359.3091244,359.7458481,3,0.15,NN,1,-0.038011
打,360.0418481,360.2854276,3,930.74,VV,1,-0.30203
来,360.0418481,360.2854276,3,5519.32,VV,1,-0.29198
清清,360.6285635,361.0288887,3,0.51,NR,1,-0.045232
凉水,361.0747823,361.5298481,3,0.45,NN,1,-0.15165
浇灌,362.1368695,362.512685,3,0.6,VV,1,-0.28955
着,362.512685,362.6107238,3,2983.65,VV,1,-0.52719
花儿,362.6107238,362.9497747,3,3.22,NN,1,-0.1791
于是,363.7378481,363.933423,3,58.13,AD,1,-0.31247
就,363.933423,364.0682264,3,8246.34,AD,1,-0.45636
这样,364.0682264,364.4767215,3,1916.59,VA,1,-0.47798
花儿,365.350901,365.6978481,3,3.22,NN,1,-0.34829
就,365.9227941,366.0780223,3,8246.34,AD,1,-0.65488
有点,366.4946873,366.7152746,3,175.79,AD,1,-0.31317
敏感,366.7152746,367.0993842,3,22.54,VA,1,-0.25856
多疑,367.0993842,367.3853308,3,3.34,VV,1,-0.33082
虚荣心,367.4751997,367.9618481,3,1.01,NN,1,-0.37722
折磨,368.0920273,368.4106535,3,44.18,VV,1,-0.33963
着,368.4106535,368.4923525,3,2983.65,VV,1,-0.37236
小,368.4923525,368.6557505,3,1042.34,VA,1,-0.16136
王子,368.6557505,368.9907165,3,31.93,NN,1,-0.064996
例如,369.6578481,370.0018481,3,13.03,AD,1,-0.29223
有,370.5138481,370.660537,3,8618.15,VE,1,-0.45371
天,370.742236,370.9538481,3,1510.14,NN,1,-0.059436
小,371.6000757,371.743049,3,1042.34,VA,1,-0.45596
王子,371.743049,372.155629,3,31.93,NN,1,-0.30478
讲,372.155629,372.4865101,3,202.26,VV,1,-0.21492
起,372.155629,372.4865101,3,603.07,VV,1,-0.19635
身,372.6090586,372.7572312,3,134.92,NN,1,-0.1356
上,372.7572312,372.9298481,3,3409.33,VV,1,-0.21664
长,372.9298481,373.0676875,3,362.87,VA,1,-0.24103
根,373.2678501,373.3740588,3,101.65,NN,1,-0.09334
刺,373.3740588,373.6354957,3,43.19,VV,1,-0.12866
老虎,374.4578481,374.9378481,3,10.97,NN,1,-0.19458
让,375.3698481,375.4978481,3,3690.67,VV,1,-0.26164
张,375.6229156,375.8098481,3,332.26,NR,1,-0.052752
着,375.8098481,375.9006923,3,2983.65,VV,1,-0.29129
爪子,375.9006923,376.2805927,3,6.44,NN,1,-0.4706
来,376.2805927,376.5458481,3,5519.32,VV,1,-0.27447
小,377.4762264,377.676389,3,1042.34,VA,1,-0.22476
王子,377.676389,378.0644594,3,31.93,NN,1,-0.067664
顶,378.0644594,378.3054715,3,41.73,NN,1,-0.21733
星球,380.3050613,380.6400273,3,43.34,NN,1,-0.23397
上,380.6400273,380.8018481,3,3409.33,VV,1,-0.27614
没有,381.0258481,381.3548937,3,3226.48,VE,1,-0.36445
老虎,381.3548937,381.747049,3,10.97,NN,1,-0.1906
而且,382.1800538,382.5218481,3,578.42,AD,1,-0.39994
老虎,382.8898481,383.3708234,3,10.97,NN,1,-0.35908
是,383.3708234,383.5097117,3,28253.52,VC,1,-0.40159
不,383.5097117,383.652685,3,20543.44,AD,1,-0.44038
会,383.652685,383.8079131,3,7927.17,VV,1,-0.40856
吃,383.8079131,383.9590563,3,832.07,VV,1,-0.33519
草,383.9590563,384.1538481,3,22.15,NN,1,-0.020703
花儿,384.8435687,385.1213454,3,3.22,NN,1,-0.17641
轻声,385.1213454,385.4522264,3,1.46,AD,1,-0.30628
说道,385.4522264,385.8770613,3,3.16,VV,1,-0.19294
并,386.6246073,386.8492796,3,578.12,AD,1,-0.24151
不,386.8492796,386.9922529,3,20543.44,AD,1,-0.61962
是,386.9922529,387.1474811,3,28253.52,VC,1,-0.54687
草,387.1474811,387.5698481,3,22.15,NN,1,-0.24047
真,388.2657482,388.3964667,3,3053.82,VA,1,-0.19602
对不起,388.3964667,389.0498481,3,612.52,VV,1,-0.29826
并,389.9610029,390.1448257,3,578.12,AD,1,-0.31795
不,390.1448257,390.2918839,3,20543.44,AD,1,-0.57808
怕,390.2918839,390.4716217,3,131.01,VV,1,-0.26379
老虎,390.706173,391.2098481,3,10.97,NN,1,-0.10009
可,391.6947311,391.7968549,3,1374.9,AD,1,-0.30943
讨厌,391.8826389,392.2380296,3,169.65,VV,1,-0.38644
猜,393.4415637,393.7058481,3,194.39,VV,1,-0.2006
没有,394.2626389,394.5281607,3,3226.48,VE,1,-0.47217
准备,394.748748,394.99793,3,661.83,VV,1,-0.30111
屏风,395.083714,395.5371435,3,0.39,NR,1,-0.12034
小,396.0549375,396.267355,3,1042.34,VA,1,-0.19673
王子,396.267355,396.7698481,3,31.93,NN,1,-0.061227
思忖,396.8738481,397.3866315,3,0.12,VV,1,-0.064383
着,397.3866315,397.5786242,3,2983.65,VV,1,-0.30624
讨厌,398.264896,398.7618481,3,169.65,VV,1,-0.51782
对,400.1998062,400.3223548,3,3958.83,VA,1,-0.38884
植物,400.5837916,400.94269,3,12.94,NN,1,-0.11441
真,401.7433404,401.9138481,3,3053.82,VA,1,-0.10305
不,401.9138481,402.0415418,3,20543.44,AD,1,-0.3482
走运,402.0415418,402.4658481,3,29.54,NN,1,-0.058823
花,403.5039542,403.7138481,3,266.7,VV,1,-0.18652
真,404.0907457,404.2704836,3,3053.82,VA,1,-0.35471
不,404.2704836,404.3807772,3,20543.44,AD,1,-0.55878
大,404.3807772,404.5378481,3,1343.24,VA,1,-0.20343
好,404.5378481,404.6789787,3,9977.13,VA,1,-0.32349
伺候,404.6789787,405.1895975,3,4.11,VV,1,-0.11282
晚上,406.1378481,406.6201049,3,285.39,NT,1,-0.15386
得,407.1919981,407.281867,3,3135.62,VV,1,-0.36181
放到,407.5514738,407.8210805,3,21.11,VV,1,-0.086445
玻璃,408.029413,408.2663402,3,33.77,NN,1,-0.17405
罩子,408.2663402,408.5808814,3,0.36,NN,1,-0.13001
中,408.5808814,408.7778481,3,1039.21,NR,1,-0.26316
地方,409.5049471,409.7786389,3,696.29,NN,1,-0.34941
太,409.7786389,409.9583767,3,1942.11,AD,1,-0.12089
冷,409.9583767,410.2498481,3,69.84,VA,1,-0.26537
原来,410.8652358,411.1938481,3,88.83,AD,1,-0.37
住,411.1938481,411.3404594,3,584.32,VV,1,-0.24681
地方,411.6509156,412.1982991,3,696.29,NN,1,-0.51437
但,413.266775,413.4015783,3,2034.22,AD,1,-0.41815
没有,413.5241269,413.842753,3,3226.48,VE,1,-0.39968
说,413.842753,414.0388307,3,6765.38,VV,1,-0.37942
下去,414.0388307,414.4258481,3,231.53,VV,1,-0.31551
来,415.1621922,415.3337601,3,5519.32,VV,1,-0.34709
时候,415.4154591,415.7790198,3,1555.33,NN,1,-0.47078
是,415.7790198,415.9342479,3,28253.52,VC,1,-0.44922
种子,416.0322867,416.4389156,3,6.11,NN,1,-0.15987
见,417.3621145,417.488748,3,874.61,VV,1,-0.18129
过,417.488748,417.6276363,3,3350.21,VV,1,-0.44611
世界,418.0974057,418.4178481,3,349.4,NN,1,-0.29802
叫,419.0614642,419.2166923,3,1032.83,VV,1,-0.29572
人,419.2166923,419.3433258,3,5810.26,NN,1,-0.35788
发现,419.3433258,419.7218481,3,589.45,VV,1,-0.23402
是,420.1398912,420.2501849,3,28253.52,VC,1,-0.6314
凑,420.3727334,420.6228599,3,9.57,VV,1,0.01485
如此,420.8189375,421.1298481,3,247.57,VA,1,-0.35823
不,421.1298481,421.2478574,3,20543.44,AD,1,-0.39586
太,421.2478574,421.3949156,3,1942.11,AD,1,-0.26535
高明,421.3949156,421.7257967,3,4.5,VA,1,-0.049279
谎话,421.782986,422.2609252,3,11.18,NN,1,-0.33111
有点,422.8123936,423.0411508,3,175.79,AD,1,-0.51693
咳嗽,423.8131317,424.1848622,3,5.66,VV,1,-0.32379
声,424.5974422,424.7938481,3,128.63,NN,1,-0.12027
招,425.8871075,426.0978481,3,50.32,NN,1,-0.19093
是,426.4018113,426.503935,3,28253.52,VC,1,-0.26832
要,426.503935,426.6469083,3,7114.18,VV,1,-0.40173
小,426.6469083,426.8348161,3,1042.34,VA,1,-0.17375
王子,426.8348161,427.1218481,3,31.93,NN,1,-0.064122
处于,427.1218481,427.418964,3,32.43,VV,1,-0.15822
有,427.418964,427.5455975,3,8618.15,VE,1,-0.51051
过失,427.5455975,427.8978481,3,6.8,NN,1,-0.22124
地位,427.9826873,428.2931435,3,14.31,NN,1,-0.20888
说道,428.9683012,429.3236919,3,3.16,VV,1,-0.23437
屏风,429.8915001,430.3367598,3,0.39,NR,1,-0.068674
正,431.3965589,431.6661657,3,582.36,AD,1,-0.23488
准备,431.6661657,431.9398574,3,661.83,VV,1,-0.26766
去,431.9398574,432.1073404,3,4860.53,VV,1,-0.31448
拿,432.1073404,432.3378481,3,964.66,VV,1,-0.23617
可,432.8385466,433.0060296,3,1374.9,AD,1,-0.26149
刚才,433.1653427,433.5411582,3,187.2,AD,1,-0.31067
说,433.5411582,433.7454057,3,6765.38,VV,1,-0.43533
是,433.8393596,434.1298481,3,28253.52,VC,1,-0.41126
于是,434.8418481,435.1283452,3,58.13,AD,1,-0.40346
花儿,435.1283452,435.4658481,3,3.22,NN,1,-0.053043
放开,435.6757286,435.9861849,3,82.07,VV,1,-0.27347
嗓门,435.9861849,436.3138481,3,1.4,NN,1,-0.17238
咳嗽,436.3138481,436.7427442,3,5.66,VV,1,-0.32903
声,436.9674165,437.1538481,3,128.63,NN,1,-0.14381
依然,437.6818481,437.9396348,3,25.93,AD,1,-0.27889
要,437.9396348,438.090778,3,7114.18,VV,1,-0.46913
使,438.090778,438.2868557,3,146.51,VV,1,-0.39728
小,438.2868557,438.3889794,3,1042.34,VA,1,-0.1688
王子,438.3889794,438.7138481,3,31.93,NN,1,-0.029164
后悔,438.924108,439.247355,3,40.48,VV,1,-0.2913
过失,439.6517651,440.0898481,3,6.8,NN,1,-0.27536
小,440.9834591,441.1305174,3,1042.34,VA,1,-0.40722
王子,441.1305174,441.5138481,3,31.93,NN,1,-0.27687
本来,441.7778481,441.9955322,3,131.61,AD,1,-0.29361
诚心诚意,441.9955322,442.6532093,3,0.51,VA,1,-0.078353
地,442.6532093,442.7430782,3,536.84,NN,1,-0.25546
喜欢,442.7430782,443.0249398,3,1375.58,VV,1,-0.29232
花,443.2536971,443.4865393,3,266.7,VV,1,-0.14854
可是,444.1809809,444.4803963,3,349.93,AD,1,-0.38795
来,444.7418332,444.9378481,3,5519.32,VV,1,-0.27482
却,445.3668307,445.5669933,3,397.84,AD,1,-0.47462
使,445.5669933,445.7017967,3,146.51,VV,1,-0.28377
马上,445.8202602,446.1538481,3,310.4,AD,1,-0.40098
对,446.1538481,446.2450951,3,3958.83,VA,1,-0.51059
产生,446.3778481,446.6413354,3,46.14,VV,1,-0.2731
怀疑,446.7352892,447.1778481,3,86.09,VA,1,-0.3101
小,447.9726366,448.1401196,3,1042.34,VA,1,-0.19325
王子,448.1401196,448.5363598,3,31.93,NN,1,-0.00090612
对,448.7538481,448.850901,3,3958.83,VA,1,-0.66897
无关紧要,449.0878282,449.6556363,3,12.97,VV,1,-0.194
话,449.7332504,449.8843936,3,1189.39,NN,1,-0.19288
看,449.8843936,450.0396217,3,3056.83,VV,1,-0.29503
得,450.0396217,450.1213208,3,3135.62,VV,1,-0.29733
太,450.1213208,450.3214833,3,1942.11,AD,1,-0.2628
认真,450.3214833,450.6258481,3,90.86,VA,1,-0.40718
结果,451.1764447,451.4215418,3,211.2,AD,1,-0.39669
使,451.4215418,451.5686,3,146.51,VV,1,-0.27795
很,451.7932723,451.9607553,3,5979.28,AD,1,-0.49591
苦恼,451.9607553,452.3529106,3,4.47,VA,1,-0.41683
有,453.1538481,453.2762895,3,8618.15,VE,1,-0.37232
天,453.3702433,453.6578481,3,1510.14,NN,1,-0.15983
告诉,454.1096194,454.4037359,3,1824.99,VV,1,-0.28745
说,454.5344543,454.7218481,3,6765.38,VV,1,-0.48687
不,455.6169663,455.7891609,3,20543.44,AD,1,-0.49663
听信,455.948474,456.3058481,3,1.4,VV,1,-0.35867
话,456.5367069,456.7532093,3,1189.39,NN,1,-0.24876
绝,457.357782,457.5618481,3,40.9,AD,1,-0.20186
不,457.5618481,457.6886631,3,20543.44,AD,1,-0.61205
听信,457.8357213,458.1502625,3,1.4,VV,1,-0.44776
花儿,458.3708499,458.5996071,3,3.22,NN,1,-0.13424
话,458.689476,458.8871924,3,1189.39,NN,1,-0.46898
看看,459.5979739,459.8880054,3,724.93,VV,1,-0.37146
花,459.8880054,460.1138481,3,266.7,VV,1,-0.13843
闻闻,460.5058481,460.7335902,3,1.55,VV,1,-0.083334
就,460.8578481,460.9786873,3,8246.34,AD,1,-0.33148
得,460.9786873,461.2074445,3,3135.62,VV,1,-0.30495
花儿,462.5386608,462.7378481,3,3.22,NN,1,-0.39939
使,463.0737893,463.2739519,3,146.51,VV,1,-0.27828
星球,463.4945393,463.8295053,3,43.34,NN,1,-0.22058
芳香,463.8295053,464.1481314,3,1.55,VA,1,-0.17621
溢,464.1481314,464.5538481,3,1.76,VV,1,-0.14215
可,465.1888695,465.3400127,3,1374.9,AD,1,-0.2117
不,465.4578481,465.5851097,3,20543.44,AD,1,-0.39108
会,465.5851097,465.728083,3,7927.17,VV,1,-0.44472
享受,465.728083,466.1365781,3,92.29,VV,1,-0.32655
老虎,467.2871924,467.5813089,3,10.97,NN,1,-0.044152
爪子,467.5813089,467.9162748,3,6.44,NN,1,-0.34654
事儿,468.0020588,468.1698481,3,104,NN,1,-0.045999
应该,468.8639835,469.1090805,3,1127.12,VV,1,-0.49951
使,469.1090805,469.2561387,3,146.51,VV,1,-0.38569
产生,469.3460077,469.6564639,3,46.14,VV,1,-0.29055
同情,469.6564639,470.1778481,3,24.8,VV,1,-0.30485
却,470.8016194,470.9691024,3,397.84,AD,1,-0.46534
反而,470.9691024,471.2818481,3,11.72,AD,1,-0.61134
使,471.4511266,471.590015,3,146.51,VV,1,-0.63418
恼火,471.6839688,472.1496532,3,6.59,VA,1,-0.34908
还,473.006425,473.2188424,3,3884.93,AD,1,-0.44498
告诉,473.2188424,473.500704,3,1824.99,VV,1,-0.29125
说,473.6355074,473.8806045,3,6765.38,VV,1,-0.43951
那时,474.5814157,474.8469375,3,104.15,NT,1,-0.33557
也,475.0389302,475.1696487,3,3928.9,AD,1,-0.61112
不,475.1696487,475.2595176,3,20543.44,AD,1,-0.41366
懂,475.2595176,475.5618481,3,206.37,VV,1,-0.21536
应该,476.1704616,476.4196437,3,1127.12,VV,1,-0.57155
行为,476.8567334,477.2498481,3,101.23,NN,1,-0.42766
而,477.6982579,477.8003817,3,1173.92,AD,1,-0.43952
不,477.8003817,477.9106754,3,20543.44,AD,1,-0.60277
是,477.9106754,478.0332239,3,28253.52,VC,1,-0.44503
话,478.4784836,478.6582214,3,1189.39,NN,1,-0.2662
来,478.6582214,478.7521753,3,5519.32,VV,1,-0.35081
判断,478.7521753,479.0462917,3,25.58,NN,1,-0.47631
使,480.0838693,480.2418478,3,146.51,VV,1,-0.38877
生活,480.4706051,480.8578481,3,474.51,NN,1,-0.26209
芬芳,481.0670079,481.4060588,3,0.98,NN,1,-0.0057096
多彩,481.4060588,481.8178481,3,0.78,VA,1,-0.032015
真,482.3946169,482.5906946,3,3053.82,VA,1,-0.13614
不,482.5906946,482.6764785,3,20543.44,AD,1,-0.62038
离开,482.7867722,483.0849736,3,606.89,VV,1,-0.16672
跑,483.2178481,483.361571,3,367.61,VV,1,-0.2359
出来,483.361571,483.7455564,3,624.15,VV,1,-0.36417
应该,484.5176121,484.7504543,3,1127.12,VV,1,-0.48199
猜,484.7504543,485.2178481,3,194.39,VV,1,-0.15906
出,484.7504543,485.2178481,3,1275.36,VV,1,-0.34841
令,485.9350173,486.1229251,3,191.53,VV,1,-0.22712
人,486.1229251,486.2413887,3,5810.26,NN,1,-0.32362
爱怜,486.2413887,486.5518449,3,0.12,NR,1,0.040057
花招,486.629459,486.9440002,3,4.14,NN,1,-0.31465
后面,486.9440002,487.3378481,3,134.14,NN,1,-0.33525
隐藏,487.6792914,488.0060875,3,32.79,VV,1,-0.33616
温情,488.0796166,488.5458481,3,0.51,NN,1,-0.15106
花,489.3469083,489.5879204,3,266.7,VV,1,-0.11303
是,489.788083,489.9228864,3,28253.52,VC,1,-0.35377
多么,489.9228864,490.208833,3,87.79,AD,1,-0.28072
自相矛盾,490.208833,490.8978481,3,1.19,VV,1,-0.32327
当时,491.6243041,491.9265904,3,206.73,NT,1,-0.2567
太,491.9265904,492.1063283,3,1942.11,AD,1,-0.23672
年轻,492.1063283,492.6178481,3,112.56,VA,1,-0.22806
还,493.0744616,493.21335,3,3884.93,AD,1,-0.31079
不,493.21335,493.3685781,3,20543.44,AD,1,-0.4341
懂得,493.3685781,493.6994591,3,18.9,VV,1,-0.33165
爱,493.6994591,493.960896,3,927.73,VV,1,-0.25926
想,495.2811434,495.4363715,3,6325.1,VV,1,-0.43148
小,495.4363715,495.5997696,3,1042.34,VA,1,-0.19649
王子,495.5997696,496.0018481,3,31.93,NN,1,-0.12923
大概,496.396335,496.6577719,3,143.2,AD,1,-0.2379
是,496.6577719,496.7639806,3,28253.52,VC,1,-0.38615
利用,496.7639806,497.0105904,3,91.75,VV,1,-0.22458
群,497.1167992,497.2720273,3,86.54,NN,1,-0.096039
候鸟,497.2720273,497.5620588,3,0.3,NN,1,-0.20445
迁徙,497.5620588,497.9174495,3,1.7,VV,1,-0.19359
机会,497.9950636,498.2646704,3,344.92,NN,1,-0.29606
跑,498.2646704,498.4258481,3,367.61,VV,1,-0.22125
出来,498.4258481,498.7589494,3,624.15,VV,1,-0.26543
出发,499.8452166,500.1025685,3,74.79,VV,1,-0.26358
天,500.3068161,500.4457044,3,1510.14,NN,1,-0.16413
早上,500.4457044,500.8098481,3,147.65,NT,1,-0.26061
星球,501.8086439,502.1938481,3,43.34,NN,1,-0.2653
收拾,502.380537,502.711418,3,57.86,VV,1,-0.27503
得,502.711418,502.797202,3,3135.62,VV,1,-0.30581
整整齐齐,502.797202,503.5378481,3,0.36,VV,1,-0.1478
上头,504.2720492,504.5947603,3,5.96,NN,1,-0.28261
活,504.6642045,504.8398574,3,343.08,VA,1,-0.23023
火山,504.8398574,505.2338481,3,7.9,NN,1,-0.1104
打扫,505.5298481,505.8018481,3,22.18,VV,1,-0.34351
得,505.8018481,505.8978597,3,3135.62,VV,1,-0.49774
干干净净,505.8978597,506.5618481,3,1.82,VA,1,-0.35523
有,507.406173,507.5246366,3,8618.15,VE,1,-0.29964
活,507.7983283,507.9576414,3,343.08,VA,1,-0.44483
火山,507.9576414,508.2978481,3,7.9,NN,1,-0.28385
早上,508.90535,509.1994664,3,147.65,NT,1,-0.14685
热,509.1994664,509.3465247,3,90.17,VA,1,-0.20531
早点,509.3465247,509.7538481,3,15.95,AD,1,-0.25671
很,509.7538481,509.9796921,3,5979.28,AD,1,-0.3177
方便,509.9796921,510.4046022,3,29.3,VA,1,-0.24559
还,511.2461021,511.4585195,3,3884.93,AD,1,-0.41073
有,511.4585195,511.5238787,3,8618.15,VE,1,-0.61103
座,511.6423423,511.7689758,3,93.36,NN,1,-0.076609
死,511.7689758,512.001818,3,1313.28,VV,1,-0.1439
火山,512.001818,512.3778481,3,7.9,NN,1,-0.3548
也,512.9133792,513.0767772,3,3928.9,AD,1,-0.46974
打扫,513.3708937,513.6445854,3,22.18,VV,1,-0.33137
干净,513.6445854,514.0258481,3,65.25,VA,1,-0.44936
想,514.7277094,515.0098481,3,6325.1,VV,1,-0.3154
说不定,515.4997651,515.9378481,3,29,AD,1,-0.2743
还,516.2840757,516.4597286,3,3884.93,AD,1,-0.67573
会,516.4597286,516.6190417,3,7927.17,VV,1,-0.36983
活动,516.6190417,516.8763936,3,83.26,NN,1,-0.3106
打扫,517.8834473,518.1203744,3,22.18,VV,1,-0.48919
干净,518.1203744,518.4308307,3,65.25,VA,1,-0.57769
就,519.3778481,519.4970029,3,8246.34,AD,1,-0.52591
可以,519.4970029,519.7298451,3,2360.84,VV,1,-0.49971
慢慢,519.7298451,520.1383402,3,54.25,VA,1,-0.4198
地,520.1383402,520.2690586,3,536.84,NN,1,-0.38492
有,520.4378385,520.5889817,3,8618.15,VE,1,-0.43402
规律,520.5889817,520.899438,3,6.59,VA,1,-0.45291
地,520.899438,520.977052,3,536.84,NN,1,-0.55428
燃烧,520.977052,521.3218481,3,16.81,VV,1,-0.20594
而,521.9247607,522.0146296,3,1173.92,AD,1,-0.48741
不,522.0146296,522.1249233,3,20543.44,AD,1,-0.48926
会,522.1249233,522.2515567,3,7927.17,VV,1,-0.51843
突然,522.2515567,522.5946926,3,130.15,AD,1,-0.30132
爆发,522.5946926,522.9432529,3,18.27,VV,1,-0.17074
火山,523.6295247,523.8991315,3,7.9,NN,1,-0.14627
爆发,523.8991315,524.2178481,3,18.27,VV,1,-0.37344
就,524.4751095,524.5772333,3,8246.34,AD,1,-0.48755
像,524.5772333,524.7355264,3,1497.29,AD,1,-0.27116
烟囱,524.7355264,524.9887934,3,3.31,NN,1,-0.31317
里,524.9887934,525.0950021,3,1886.22,NN,1,-0.2108
火焰,525.1726162,525.4626477,3,12.73,NN,1,-0.30905
一样,525.4626477,525.7858481,3,860.33,VA,1,-0.38985
当然,526.5778481,526.9378481,3,784.37,AD,1,-0.35401
地球,527.845054,528.1841049,3,68.35,NN,1,-0.33087
上,528.1841049,528.3778481,3,3409.33,VV,1,-0.35386
人,528.845867,528.9806704,3,5810.26,NN,1,-0.30576
太,528.9806704,529.180833,3,1942.11,AD,1,-0.19453
小,529.180833,529.3938481,3,1042.34,VA,1,-0.27599
不,529.7458481,529.8534084,3,20543.44,AD,1,-0.3838
能,529.8534084,530.0208914,3,4967.91,VV,1,-0.39664
打扫,530.0208914,530.3109229,3,22.18,VV,1,-0.26152
火山,530.3109229,530.6258481,3,7.9,NN,1,-0.086536
所以,531.221867,531.4873888,3,1103.36,AD,1,-0.56877
火山,531.4873888,531.8672892,3,7.9,NN,1,-0.29064
给,531.8672892,532.0020926,3,3494.19,VV,1,-0.28197
带来,532.1981703,532.4178481,3,133.9,VV,1,-0.26494
麻烦,533.0470782,533.4759981,3,219.87,VA,1,-0.38252
小,534.5054057,534.682775,3,1042.34,VA,1,-0.39491
王子,534.682775,535.0818481,3,31.93,NN,1,-0.036931
还,535.3159423,535.4344059,3,3884.93,AD,1,-0.36895
剩下,535.5569545,535.8388161,3,92.95,VV,1,-0.21906
最后,535.928685,536.259566,3,453.1,AD,1,-0.36602
苗,537.0765562,537.260379,3,1.58,NR,1,0.065902
全,537.260379,537.4973061,3,229.32,VA,1,-0.15168
拔,537.4973061,537.7035015,3,23.46,VV,1,-0.12692
有点,538.6757198,538.9984309,3,175.79,AD,1,-0.19604
忧伤,538.9984309,539.3742464,3,3.58,VV,1,-0.25387
以为,540.2005443,540.5298481,3,494.3,VV,1,-0.26138
再,540.9276656,541.0992335,3,1684.82,AD,1,-0.36474
也,541.0992335,541.2178481,3,3928.9,AD,1,-0.36613
不,541.2178481,541.3443306,3,20543.44,AD,1,-0.38297
会,541.3443306,541.475049,3,7927.17,VV,1,-0.37957
回来,541.475049,541.8467795,3,668.42,VV,1,-0.26904
天,542.7332239,543.0258481,3,1510.14,NN,1,-0.1737
家常,543.6809325,544.1221072,3,0.72,NN,1,-0.19712
活,544.1221072,544.3618481,3,343.08,VA,1,-0.23175
使,544.7389348,544.8727288,3,146.51,VV,1,-0.38691
感到,544.9911924,545.2418481,3,197.1,VV,1,-0.39669
特别,545.2418481,545.6121049,3,212.57,VA,1,-0.27476
亲切,545.6121049,546.0498481,3,5.19,VA,1,-0.31244
最后,546.8782022,547.1804886,3,453.1,AD,1,-0.38176
浇,547.396991,547.6788526,3,6.44,VV,1,-0.20882
花,547.396991,547.6788526,3,266.7,VV,1,-0.18076
时,547.6788526,547.8818481,3,699.69,NN,1,-0.40835
准备,548.2180661,548.4578481,3,661.83,VV,1,-0.34678
放,548.7164301,548.8879981,3,569.33,VV,1,-0.33883
玻璃,548.9696971,549.1861995,3,33.77,NN,1,-0.1692
罩子,549.1861995,549.4353815,3,0.36,NN,1,-0.10309
下面,549.4353815,549.8178481,3,112.41,NN,1,-0.33847
发觉,550.5999497,550.9938481,3,10.25,VV,1,-0.26869
要,551.572168,551.7058481,3,7114.18,VV,1,-0.46235
哭,551.7058481,551.9561534,3,113.66,VV,1,-0.26693
出来,551.9561534,552.2829494,3,624.15,VV,1,-0.38039
再见,553.1298481,553.5413016,3,326.65,VV,1,-0.16748
对,554.4399908,554.582964,3,3958.83,VA,1,-0.25796
花儿,554.582964,554.8648257,3,3.22,NN,1,-0.30226
说道,554.8648257,555.2774057,3,3.16,VV,1,-0.27331
可是,555.8488065,556.0734788,3,349.93,AD,1,-0.4572
花儿,556.0734788,556.4018481,3,3.22,NN,1,-0.38804
没有,556.5618481,556.7597505,3,3226.48,VE,1,-0.37482
回答,556.7597505,557.1110563,3,121.32,VV,1,-0.4385
再见,558.227872,558.6567919,3,326.65,VV,1,-0.44884
又,559.812833,559.980316,3,1060.05,AD,1,-0.22346
说,559.980316,560.1927334,3,6765.38,VV,1,-0.5336
遍,560.3806411,560.5538481,3,125.74,NN,1,-0.13107
花儿,561.2738481,561.5058481,3,3.22,NN,1,-0.46151
咳嗽,561.5058481,561.907651,3,5.66,VV,1,-0.28004
阵,562.1241534,562.2978481,3,11.51,NN,1,0.016556
但,562.8418481,562.9482264,3,2034.22,AD,1,-0.31561
并,562.9482264,563.1402191,3,578.12,AD,1,-0.33048
不,563.1402191,563.2096633,3,20543.44,AD,1,-0.35096
是,563.2096633,563.319957,3,28253.52,VC,1,-0.32096
感冒,563.5487142,563.9058481,3,13.62,NN,1,-0.37583
终于,564.810964,565.1298481,3,127.38,AD,1,-0.3069
对,565.1298481,565.2439688,3,3958.83,VA,1,-0.47375
说道,565.3828572,565.7382479,3,3.16,VV,1,-0.19593
方才,566.6156179,566.946499,3,0.24,AD,1,-0.31507
真,566.946499,567.1670863,3,3053.82,VA,1,-0.090912
蠢,567.1670863,567.4898481,3,75.24,VA,1,-0.13717
请,567.9595668,568.1451755,3,912.11,VV,1,-0.31199
原谅,568.2840638,568.6803041,3,101.32,VV,1,-0.36926
希望,569.3910855,569.8418481,3,794.66,VV,1,-0.48787
能,570.2570951,570.4245781,3,4967.91,VV,1,-0.32214
幸福,570.4245781,571.016896,3,64.12,VA,1,-0.21056
花儿,571.6018481,571.9458481,3,3.22,NN,1,-0.23139
对,571.9458481,572.0813792,3,3958.83,VA,1,-0.2955
毫,572.2284374,572.4498481,3,1.73,AD,1,0.039751
不,572.4498481,572.5797432,3,20543.44,AD,1,-0.37482
抱怨,572.5797432,572.9618481,3,33.3,VV,1,-0.39835
感到,573.5887261,573.8093134,3,197.1,VV,1,-0.43596
很,573.8093134,573.9541876,3,5979.28,AD,1,-0.53337
惊讶,573.9541876,574.3538481,3,48.98,VA,1,-0.43286
举,575.1265685,575.3103913,3,51.81,VV,1,-0.20251
着,575.3103913,575.3920903,3,2983.65,VV,1,-0.36146
罩子,575.3920903,575.7938481,3,0.36,NN,1,-0.083712
不知所措,576.1938481,576.748294,3,5.19,VV,1,-0.54891
地,576.748294,576.8504178,3,536.84,NN,1,-0.34615
伫立,576.8504178,577.1647434,3,0.15,VV,1,-0.18428
不,578.5086923,578.6720903,3,20543.44,AD,1,-0.43716
明白,578.6720903,578.9938481,3,737.6,VA,1,-0.38678
为什么,579.4441461,579.7750271,3,1522.16,AD,1,-0.36305
会,579.7750271,579.9180004,3,7927.17,VV,1,-0.34084
这样,579.9180004,580.1925516,3,1916.59,VA,1,-0.549
温柔,580.1925516,580.4499035,3,18.87,VA,1,-0.28766
恬静,580.4499035,580.9218481,3,0.27,VA,1,-0.276
的确,582.0418481,582.5927215,3,143.17,AD,1,-0.50998
爱,583.381117,583.7242529,3,927.73,VV,1,-0.30707
花儿,584.8293308,585.0818481,3,3.22,NN,1,-0.30232
对,585.0818481,585.1888065,3,3958.83,VA,1,-0.41042
说道,585.2909302,585.7075952,3,3.16,VV,1,-0.39012
但,586.5938481,586.7329179,3,2034.22,AD,1,-0.37911
过错,587.2598766,587.8338481,3,8.29,NN,1,-0.53058
一点儿,588.3252943,588.7133646,3,28.05,AD,1,-0.34214
也,588.7133646,588.844083,3,3928.9,AD,1,-0.43715
没有,588.844083,589.0565005,3,3226.48,VE,1,-0.41879
理会,589.0565005,589.4498481,3,5.54,VV,1,-0.29937
丝毫,590.2756099,590.6738481,3,7.78,AD,1,-0.56118
不,590.6738481,590.7862287,3,20543.44,AD,1,-0.52156
重要,590.7862287,591.1620442,3,348.08,VA,1,-0.27376
不过,591.9218481,592.3458481,3,695.54,AD,1,-0.70669
也,592.9534861,593.0270152,3,3928.9,AD,1,-0.60817
一样,593.3333865,593.5825685,3,860.33,VA,1,-0.43672
地,593.5825685,593.709202,3,536.84,NN,1,-0.33075
蠢,593.709202,594.0898481,3,75.24,VA,1,-0.1464
希望,594.6977601,594.9877916,3,794.66,VV,1,-0.43911
今后,595.12668,595.4239862,3,9.42,NT,1,-0.40797
能,595.4239862,595.5914692,3,4967.91,VV,1,-0.43157
幸福,595.5914692,596.0578481,3,64.12,VA,1,-0.20149
罩子,596.9640127,597.2622141,3,0.36,NN,1,-0.0022734
放,597.2622141,597.4133573,3,569.33,VV,1,-0.2488
边,597.6135199,597.8422771,3,100.9,NN,1,-0.29198
用,598.7380031,598.9381657,3,1563.08,VV,1,-0.39393
不,598.9381657,599.0076099,3,20543.44,AD,1,-0.38095
着,599.0076099,599.1669229,3,2983.65,VV,1,-0.39172
风,601.3538481,601.5334011,3,54.37,NN,1,-0.15887
来,601.5334011,601.7008841,3,5519.32,VV,1,-0.38235
怎么,601.8030079,602.0358501,3,2657.98,VA,1,-0.37186
办,602.0358501,602.2498481,3,153.19,VV,1,-0.28058
感冒,603.3307795,603.7378481,3,13.62,NN,1,-0.26374
并,604.0018481,604.1223356,3,578.12,AD,1,-0.35271
不,604.1223356,604.2326293,3,20543.44,AD,1,-0.57819
那么,604.2326293,604.4613865,3,1245.85,AD,1,-0.45246
重,604.4613865,604.6898481,3,151.4,VA,1,-0.21978
夜晚,605.3058481,605.5438985,3,36.28,NN,1,-0.29778
凉风,605.6378524,606.0258481,3,0.15,VV,1,0.024167
对,606.3618481,606.4397944,3,3958.83,VA,1,-0.43543
倒,606.5378332,606.7094011,3,181.6,VV,1,-0.34886
有,606.7094011,606.8156099,3,8618.15,VE,1,-0.44338
好处,606.8156099,607.2894642,3,52.94,NN,1,-0.47251
是,608.1064543,608.2535126,3,28253.52,VC,1,-0.47277
花,608.470015,608.7218481,3,266.7,VV,1,-0.14473
有,610.5122602,610.7124228,3,8618.15,VE,1,-0.66575
虫子,610.7124228,611.0351339,3,21.49,NN,1,-0.3407
野兽,611.0351339,611.4558839,3,15.17,NN,1,-0.15998
想,612.7952627,612.9831705,3,6325.1,VV,1,-0.35634
认识,612.9831705,613.1465685,3,426.39,VV,1,-0.27785
蝴蝶,613.1465685,613.6258481,3,11.72,NN,1,-0.16639
不,614.3312043,614.4251582,3,20543.44,AD,1,-0.39737
起,614.4251582,614.7111047,3,603.07,VV,1,-0.14395
只,615.1203729,615.2061569,3,2167.08,AD,1,-0.39896
毛虫,615.2061569,615.5166131,3,0.66,NN,1,-0.28046
是,615.5166131,615.6309918,3,28253.52,VC,1,-0.45714
不行,615.6309918,616.0721665,3,160.64,VV,1,-0.32511
据说,616.8850717,617.2258481,3,15.32,AD,1,-0.26066
是,617.5713435,617.6816371,3,28253.52,VC,1,-0.59635
很,617.6816371,617.8727786,3,5979.28,AD,1,-0.49352
美,617.8727786,618.0811111,3,214.63,VA,1,-0.057767
不然,618.8738481,619.1105188,3,79.32,AD,1,-0.37903
还,619.1105188,619.2698319,3,3884.93,AD,1,-0.37526
有,619.2698319,619.3801255,3,8618.15,VE,1,-0.53716
来,619.5639483,619.6864969,3,5519.32,VV,1,-0.34766
看,619.6864969,619.8866594,3,3056.83,VV,1,-0.39423
就,621.1828161,621.2971947,3,8246.34,AD,1,-0.50775
要,621.2971947,621.4319981,3,7114.18,VV,1,-0.53826
到,621.4319981,621.5913112,3,4159.42,VV,1,-0.45747
远处,621.5913112,621.9262771,3,4.11,NN,1,-0.24184
去,621.9262771,622.1305247,3,4860.53,VV,1,-0.56387
说,623.2060807,623.3367992,3,6765.38,VV,1,-0.43137
大,623.3367992,623.5328768,3,1343.24,VA,1,-0.22707
动物,623.5328768,623.8898481,3,78.58,NN,1,-0.2916
并,624.2314034,624.5214349,3,578.12,AD,1,-0.41931
不,624.5214349,624.6644082,3,20543.44,AD,1,-0.42366
怕,624.6644082,624.9748645,3,131.01,VV,1,-0.32489
有,625.618088,625.7365516,3,8618.15,VE,1,-0.44723
爪子,625.7365516,626.2738481,3,6.44,NN,1,-0.31264
于是,627.3458481,627.7538481,3,58.13,AD,1,-0.44
天真,628.3299181,628.6648841,3,12.16,VA,1,-0.29153
地,628.6648841,628.7629229,3,536.84,NN,1,-0.39289
显露,628.7629229,629.1058481,3,2.09,VV,1,-0.32315
出,629.1058481,629.2694568,3,1275.36,VV,1,-0.24
根,629.6452723,629.7882456,3,101.65,NN,1,-0.055629
刺,629.7882456,630.0578481,3,43.19,VV,1,-0.24171
随后,630.6295153,630.9236318,3,8.97,AD,1,-0.26445
又,630.9236318,631.07069,3,1060.05,AD,1,-0.35715
说道,631.07069,631.4260807,3,3.16,VV,1,-0.15321
别,631.9218481,632.071503,3,2082.63,AD,1,-0.1984
这么,632.071503,632.3125151,3,1463.1,AD,1,-0.28862
磨蹭,632.3125151,632.6474811,3,4.38,VV,1,-0.22981
真,633.1298481,633.4178481,3,3053.82,VA,1,-0.12975
决定,634.7858481,635.0268864,3,307.57,VV,1,-0.31526
离开,635.0268864,635.3822771,3,606.89,VV,1,-0.28027
那么,636.1858481,636.5458481,3,1245.85,AD,1,-0.46546
快,637.1029156,637.2336341,3,1595.1,VA,1,-0.20377
走,637.2336341,637.4991559,3,1945.3,VV,1,-0.37818
是,639.0216003,639.1318939,3,28253.52,VC,1,-0.28705
怕,639.1318939,639.2830371,3,131.01,VV,1,-0.37491
小,639.2830371,639.4219254,3,1042.34,VA,1,-0.23478
王子,639.4219254,639.8818481,3,31.93,NN,1,-0.08222
看见,640.1735564,640.4498481,3,341.08,VV,1,-0.33293
哭,640.7378481,641.0313961,3,113.66,VV,1,-0.33803
是,641.9505101,642.2167391,3,28253.52,VC,1,-0.41601
非常,642.6048095,642.9479454,3,804.14,AD,1,-0.37203
骄傲,642.9479454,643.3138481,3,62.42,VA,1,-0.33975
花,643.4177147,643.6914064,3,266.7,VV,1,-0.17329
